Batch,Chip,Date,SN
11789230,WJ126,2017-03-22 00:43:00,CFBB215
7521280,EL213,2017-03-22 00:33:00,CFB9763
11500290,DH156,2017-03-22 00:13:00,CFB9738
12239200,WF077,2017-03-22 00:19:00,CFB9492
12162210,HJ123,2017-08-01 18:53:00,CFB6654
12581210,UH072,2017-03-22 00:17:00,CFB5822
12183200,MJ113,2017-03-22 00:11:00,CFB5743
12921220,LJ144,2017-08-02 16:02:00,BFC6212
12921220,LJ137,2017-03-22 01:53:00,BFC6208
12921220,LJ131,2017-03-22 01:02:00,BFC6206
12921220,WH130,2017-03-22 01:09:00,BFC6198
12921220,KH133,2017-03-22 01:17:00,BFC6197
12929220,SF153,2017-03-22 01:21:00,BFC6180
11111520,CO100,2017-03-22 00:49:00,BFC5437
11806530,KJ102,2017-03-22 00:40:00,BFC5417
10982220,FA218,2017-03-22 02:40:00,BFC5354
10982220,FI209,2017-03-22 02:36:00,BFC5352
12919220,YF128,2017-03-21 16:40:00,BFC5346
10661220,JK126,2017-03-22 00:36:00,BFC5332
7818220,CI110,2017-03-21 16:46:00,BFC5330
6051220,DH106,2017-03-22 02:16:00,BFC5309
6051220,DL091,2017-03-22 02:06:00,BFC5308
11264220,EB113,2017-03-22 02:12:00,BFC5292
11264220,EB116,2017-03-21 16:54:00,BFC5290
11264220,EA126,2017-03-22 01:13:00,BFC5273
9033220,DE236,2017-03-22 02:47:00,BFC5268
5836220,CO122,2017-03-22 02:47:00,BFC5265
8765220,DC224,2017-03-22 02:44:00,BFC5261
8765220,DB225,2017-03-22 02:38:00,BFC5258
12921220,LJ130,2017-03-22 01:48:00,BFC5241
12921220,KF125,2017-03-22 01:01:00,BFC5238
12921220,MF133,2017-03-22 01:50:00,BFC5234
9332220,DO084,2017-03-22 01:26:00,BFC5223
12979220,TH176,2017-03-22 02:41:00,BFC5206
12979220,TH174,2017-03-21 17:00:00,BFC5205
11232220,CM183,2017-03-22 00:33:00,BFC5202
10982220,EJ224,2017-03-22 02:43:00,BFC5198
12864220,UH126,2017-03-21 16:57:00,BFC5192
11541260,EL145,2017-03-22 00:14:00,BFC4764
12247260,UF095,2017-03-22 00:57:00,BFC4741
12247260,NE081,2017-03-22 00:59:00,BFC4734
12247260,NE085,2017-03-21 23:48:00,BFC4731
12247260,XF080,2017-03-22 00:56:00,BFC4728
12451260,HJ080,2017-03-21 23:58:00,BFC4723
12361260,JK148,2017-03-21 17:58:00,BFC4704
12361260,MH177,2017-03-21 17:52:00,BFC4698
12361260,TH172,2017-03-21 23:45:00,BFC4695
12361260,JK137,2017-03-21 23:40:00,BFC4694
12361260,EK099,2017-03-22 00:08:00,BFC4691
12361260,YJ079,2017-03-21 23:51:00,BFC4690
12361260,YJ076,2017-03-21 17:06:00,BFC4689
12361260,YJ105,2017-03-21 17:56:00,BFC4687
12361260,MH175,2017-03-21 23:28:00,BFC4686
12361260,XJ073,2017-03-22 00:06:00,BFC4683
12361260,JK152,2017-03-21 17:08:00,BFC4681
12721260,NJ105,2017-03-22 00:06:00,BFC4676
12361260,XF152,2017-03-21 17:04:00,BFC4675
12361260,XJ112,2017-03-21 17:02:00,BFC4673
12361260,XJ100,2017-03-21 17:54:00,BFC4671
12721260,SJ096,2017-03-21 17:12:00,BFC4669
12721260,XH096,2017-03-22 02:19:00,BFC4665
12721260,NJ107,2017-03-22 02:21:00,BFC4659
12721260,NJ096,2017-03-22 00:37:00,BFC4658
12721260,TH090,2017-03-22 02:36:00,BFC4657
12864220,YH167,2017-03-22 01:45:00,BFC4643
12864220,YH177,2017-03-21 16:44:00,BFC4641
8765220,DJ215,2017-03-21 16:38:00,BFC4633
8800220,FM224,2017-03-22 01:39:00,BFC4621
8800220,DF211,2017-03-22 01:57:00,BFC4615
8800220,CM228,2017-03-21 17:15:00,BFC4611
10655220,YH135,2017-03-22 01:05:00,BFC4607
10655220,YH130,2017-03-22 01:18:00,BFC4606
10655220,YH138,2017-03-22 01:08:00,BFC4605
11360220,SF065,2017-03-22 01:38:00,BFC4594
11360220,TF075,2017-03-22 01:34:00,BFC4591
11360220,UE114,2017-03-22 01:30:00,BFC4589
11360220,CF088,2017-03-22 01:41:00,BFC4587
11352220,FF160,2017-03-22 02:21:00,BFC4572
11352220,HF154,2017-03-22 02:08:00,BFC4571
10260210,GB105,2017-03-22 02:01:00,BFC4566
12931220,MF181,2017-03-22 02:04:00,BFC4551
12921220,HH135,2017-03-22 02:24:00,BFC4543
9025210,FB094,2017-03-21 16:31:00,BFC3628
12700210,UE150,2017-03-21 16:34:00,BFC3627
12645210,HK099,2017-03-21 16:29:00,BFC3624
12645210,HK087,2017-03-22 02:03:00,BFC3623
10981210,DA211,2017-03-21 16:48:00,BFC3610
11372260,YF088,2017-03-22 02:31:00,BFC3558
12957260,NJ058,2017-03-21 17:17:00,BFC3551
12957260,LJ070,2017-03-22 02:24:00,BFC3550
12957260,LJ072,2017-03-21 17:11:00,BFC3545
12434260,VE101,2017-03-22 00:52:00,BFC3522
12957260,FJ054,2017-03-22 00:10:00,BFC3476
12957260,WH081,2017-03-22 00:01:00,BFC3452
12932260,MF056,2017-03-22 00:16:00,BFC3412
12231320,FH153,2017-03-22 00:46:00,BFC2604
8462300,DN203,2017-03-22 00:46:00,BFC2165
11230210,DD188,2017-03-21 16:36:00,BFC1084
6978220,DD225,2017-05-22 14:30:00,BFC0317
9215510,EN124,2017-03-22 02:30:00,BFB1799
11400220,SF144,2017-03-20 22:19:00,CFBA579
11216200,FE158,2017-03-19 13:42:00,CFB9551
9352290,DJ078,2017-03-19 15:13:00,CFB8955
8382290,DA161,2017-03-21 04:51:00,CFB8954
12845540,KJ169,2017-03-20 22:14:00,CEL3105
11415330,DB205,2017-03-20 16:18:00,CEJB754
9680330,EF228,2017-03-29 01:13:00,CEG1094
8798330,FK202,2017-03-29 01:10:00,CEG1084
8128330,DL163,2017-03-29 01:08:00,CEG1075
6779330,FK187,2017-03-29 01:36:00,CEG1061
8057340,FK149,2017-03-29 01:21:00,CEG1039
6519340,FE210,2017-03-29 01:19:00,CEG1030
8356530,DN139,2017-07-09 05:22:00,BFC5429
8356530,DP127,2017-03-20 21:43:00,BFC5428
8356530,DP108,2017-03-19 15:31:00,BFC5423
11806530,VH056,2017-03-19 15:35:00,BFC5421
11806530,UH059,2017-03-19 15:38:00,BFC5418
12074530,YE139,2017-03-19 15:52:00,BFC5414
10975220,CP207,2017-03-21 05:11:00,BFC5365
10982220,FI211,2017-03-21 16:18:00,BFC5351
12864220,UH134,2017-03-20 22:31:00,BFC5348
12919220,JF112,2017-07-22 04:57:00,BFC5344
12931220,CH131,2017-03-20 22:50:00,BFC5339
10308220,CJ150,2017-03-21 16:22:00,BFC5326
8870220,EH212,2017-03-21 16:00:00,BFC5323
11266220,FD189,2017-03-21 05:24:00,BFC5285
9641220,NH051,2017-03-21 15:56:00,BFC5275
11264220,EC137,2017-03-21 16:03:00,BFC5272
5836220,DC116,2017-03-21 16:14:00,BFC5263
9332220,EB092,2017-03-21 16:09:00,BFC5250
12979220,UH165,2017-03-21 16:07:00,BFC5207
11541260,EL153,2017-03-21 05:36:00,BFC4763
12634270,CK123,2017-03-21 16:24:00,BFC4755
11278260,JH077,2017-03-21 16:20:00,BFC4750
11278260,KH070,2017-03-21 05:32:00,BFC4749
10332250,FJ118,2017-07-26 14:27:00,BFC4743
10332250,FJ116,2017-03-21 05:44:00,BFC4742
12247260,NE114,2017-03-20 21:28:00,BFC4733
12247260,NE095,2017-03-21 05:41:00,BFC4732
11541260,DJ185,2017-03-21 04:59:00,BFC4721
12361260,HH155,2017-07-12 17:33:00,BFC4701
12361260,FK089,2017-03-21 16:16:00,BFC4700
12361260,TH170,2017-03-21 05:43:00,BFC4699
12361260,EK082,2017-03-21 04:55:00,BFC4693
12361260,EK084,2017-03-21 05:01:00,BFC4692
12361260,MH179,2017-03-21 05:07:00,BFC4685
12361260,JK149,2017-03-21 05:02:00,BFC4684
12361260,XJ052,2017-03-21 05:31:00,BFC4680
12361260,XJ102,2017-03-21 05:04:00,BFC4678
12361260,JK143,2017-03-21 05:34:00,BFC4677
12361260,XJ084,2017-03-21 05:13:00,BFC4674
12361260,XJ109,2017-03-21 05:18:00,BFC4672
12361260,EK095,2017-03-20 22:12:00,BFC4670
12634260,SH132,2017-03-20 22:07:00,BFC4666
12632260,NH129,2017-03-20 22:10:00,BFC4661
12721260,SJ103,2017-03-21 05:20:00,BFC4656
12721260,TJ090,2017-03-21 04:57:00,BFC4654
12864220,LF153,2017-03-21 05:28:00,BFC4644
12864220,YH156,2017-03-20 21:47:00,BFC4640
8801220,CN234,2017-03-21 05:22:00,BFC4639
8800220,FK224,2017-03-19 13:39:00,BFC4619
12919220,YF141,2017-03-20 21:55:00,BFC4563
12921220,FJ147,2017-03-20 22:47:00,BFC4545
12921220,FJ141,2017-03-20 22:42:00,BFC4544
12921220,WH135,2017-03-20 22:00:00,BFC4537
12921220,LH137,2017-03-20 22:45:00,BFC4535
12921220,KF139,2017-03-20 22:40:00,BFC4533
12931220,NF147,2017-03-20 22:06:00,BFC4530
12931220,SJ129,2017-03-20 22:36:00,BFC4529
12931220,NF152,2017-03-20 22:52:00,BFC4527
12931220,YJ160,2017-03-20 22:33:00,BFC4524
12929220,CJ177,2017-03-20 22:30:00,BFC4516
12929220,XH168,2017-04-20 22:18:00,BFC4507
9034220,GA123,2017-03-20 22:28:00,BFC4505
12169220,CJ077,2017-03-20 23:42:00,BFC4500
12169220,KJ102,2017-03-20 22:49:00,BFC4499
12174220,JJ102,2017-08-01 09:18:00,BFC4498
12169220,CJ080,2017-03-21 05:39:00,BFC4497
9704260,JJ136,2017-03-20 22:24:00,BFC3589
12957260,JJ053,2017-03-21 05:52:00,BFC3537
12957260,EJ083,2017-03-21 05:46:00,BFC3478
11924170,FH077,2017-04-20 22:40:00,BFC3400
11924170,WF097,2017-03-20 21:35:00,BFC3397
11924170,NF080,2017-03-19 15:23:00,BFC3396
11924170,WF095,2017-03-19 15:26:00,BFC3393
11924170,WF066,2017-03-20 21:39:00,BFC3392
11924170,WF069,2017-03-19 15:17:00,BFC3377
12349320,JK097,2017-03-19 13:49:00,BFC2630
12231320,FH151,2017-03-19 14:57:00,BFC2602
12189380,YE152,2017-03-19 15:05:00,BFC2554
8706210,DP131,2017-03-20 22:16:00,BFC2436
8909210,CO178,2017-03-20 22:20:00,BFC2414
8462300,DP206,2017-03-21 05:50:00,BFC2164
11232210,FK183,2017-03-19 13:36:00,BFC1971
11373210,EF115,2017-03-21 05:09:00,BFC1969
12787350,LH141,2017-03-19 15:09:00,BFC1801
9298530,JH099,2017-03-19 15:42:00,BFB3621
11999510,FK163,2017-04-20 19:36:00,BFB3575
12852240,JH180,2017-03-19 13:45:00,BFB0435
12854240,EH177,2017-03-21 05:48:00,BFB0413
12345200,CH126,2017-03-19 10:15:00,CFBB117
12589200,FF081,2017-03-19 10:23:00,CFBA430
12698200,LJ185,2017-03-19 10:06:00,CFB8024
10889200,EG179,2017-03-19 09:57:00,CFB7954
10906200,DI209,2017-03-19 10:27:00,CFB6540
11092200,FG135,2017-03-19 10:09:00,CFB5740
11111520,CP119,2017-03-19 10:46:00,BFC5439
11111520,DA140,2017-03-19 09:15:00,BFC5438
8356530,DP117,2017-03-19 09:22:00,BFC5425
8356530,DP116,2017-03-19 10:42:00,BFC5424
11806530,WH066,2017-07-09 03:57:00,BFC5420
11110520,DF102,2017-03-19 09:09:00,BFC5416
12864220,UH097,2017-03-19 09:56:00,BFC5349
12919220,EF108,2017-03-19 10:20:00,BFC5345
12929220,TE159,2017-03-19 10:08:00,BFC5342
12912220,VE090,2017-03-19 10:18:00,BFC5336
12912220,FF106,2017-03-19 10:14:00,BFC5333
12247260,UF090,2017-03-19 09:39:00,BFC4725
12361260,TH180,2017-03-19 12:34:00,BFC4718
12361260,EK127,2017-03-19 13:29:00,BFC4713
12361260,EK132,2017-03-19 13:20:00,BFC4712
12361260,EK146,2017-07-18 16:20:00,BFC4710
12361260,EK154,2017-07-21 19:39:00,BFC4707
12361260,YJ089,2017-03-19 10:34:00,BFC4688
12721260,SJ101,2017-03-19 10:31:00,BFC4655
12721260,YJ101,2017-03-19 10:29:00,BFC4649
12634260,XH115,2017-03-19 09:31:00,BFC4647
12864220,YH152,2017-03-19 12:38:00,BFC4642
8765220,DH220,2017-03-19 09:49:00,BFC4634
6051220,DO094,2017-03-17 12:35:00,BFC4626
8800220,FM227,2017-03-19 09:46:00,BFC4620
8800220,FM213,2017-03-19 09:43:00,BFC4618
12931220,YJ139,2017-03-19 09:36:00,BFC4526
12929220,LH135,2017-08-02 16:37:00,BFC4517
9704260,CJ160,2017-03-19 12:59:00,BFC3591
9559250,FK164,2017-03-19 09:30:00,BFC3584
9580250,DK166,2017-03-19 13:06:00,BFC3579
10311250,FF183,2017-03-19 10:25:00,BFC3576
9559250,GE167,2017-03-19 12:28:00,BFC3573
9559250,GE160,2017-03-19 11:20:00,BFC3572
9559250,FK183,2017-03-19 09:33:00,BFC3569
9559250,FK175,2017-03-19 09:26:00,BFC3568
12957260,NJ067,2017-03-19 12:49:00,BFC3548
12957260,LJ075,2017-03-19 13:13:00,BFC3544
12957260,LJ082,2017-03-19 13:33:00,BFC3542
12957260,FJ075,2017-03-19 13:09:00,BFC3526
12932260,KH067,2017-03-19 12:46:00,BFC3523
12434260,SE100,2017-03-19 09:12:00,BFC3513
12957260,MJ071,2017-03-19 12:17:00,BFC3488
12957260,HJ070,2017-03-19 09:54:00,BFC3456
12932260,UF066,2017-08-09 20:54:00,BFC3437
12932260,HH083,2017-03-19 12:55:00,BFC3434
11924170,WF098,2017-03-17 11:00:00,BFC3398
11924170,SH067,2017-03-17 11:06:00,BFC3388
11924170,NF068,2017-03-17 11:19:00,BFC3385
12419260,YF182,2017-03-19 13:26:00,BFC2697
12419260,MJ069,2017-03-19 09:39:00,BFC2696
12419260,YF180,2017-03-19 13:16:00,BFC2689
12451260,UH090,2017-03-19 12:24:00,BFC2680
12451260,MH062,2017-03-19 13:02:00,BFC2679
12451260,LF153,2017-03-19 11:10:00,BFC2674
12451260,LF180,2017-03-19 09:29:00,BFC2673
12451260,UH094,2017-07-21 16:39:00,BFC2669
12451260,UH056,2017-07-18 17:00:00,BFC2660
12451260,LF154,2017-03-19 12:13:00,BFC2648
11612260,YH080,2017-03-19 10:36:00,BFC2640
10648380,FH191,2017-03-17 10:57:00,BFC2567
10314210,JH129,2017-03-19 10:21:00,BFC2532
7164210,GH129,2017-03-17 11:15:00,BFC2517
8869210,FE184,2017-03-17 10:54:00,BFC2485
10296210,WH152,2017-03-19 09:52:00,BFC2475
10296210,MJ151,2017-03-17 11:10:00,BFC2473
7246210,FN184,2017-03-19 11:08:00,BFC2428
10313210,FH148,2017-03-19 09:48:00,BFC2403
10313210,WF145,2017-05-15 10:23:00,BFC2402
10310210,VF139,2017-03-19 10:03:00,BFC2399
10310210,YF129,2017-03-17 10:48:00,BFC2397
10308210,EJ175,2017-03-17 12:48:00,BFC2392
8704210,DF104,2017-03-17 12:43:00,BFC2383
7245210,FE192,2017-03-19 10:00:00,BFC2378
10347210,DA185,2017-03-19 10:13:00,BFC2374
10308210,EJ139,2017-03-17 12:40:00,BFC2359
8462300,DP202,2017-03-19 09:15:00,BFC2167
12715280,WF108,2017-03-19 11:17:00,BFC2144
12814210,JH083,2017-03-19 09:24:00,BFC2019
11231210,CJ182,2017-03-17 12:45:00,BFC1983
10196250,EA211,2017-04-24 10:17:00,BFC1945
10057260,SH090,2017-03-19 10:18:00,BFC1926
10030260,SH105,2017-03-23 02:18:00,BFC1920
11537260,EP110,2017-03-19 09:33:00,BFC1898
12367260,HH134,2017-03-19 11:05:00,BFC1855
12705210,XE144,2017-03-19 09:03:00,BFC1118
5208220,DO205,2017-03-19 09:53:00,BFC0223
10348210,DG182,2017-03-17 11:12:00,BFC0191
7697210,DE105,2017-06-04 08:59:00,BFC0183
12871220,UH175,2017-03-19 10:00:00,BFB3725
8685290,GE193,2017-03-19 09:22:00,BFB2726
12059510,HJ070,2017-03-19 10:40:00,BFB1911
11361210,JH076,2017-03-17 10:52:00,BFB0320
8549210,FP124,2017-03-19 10:05:00,BFB0295
10313230,EH162,2017-03-17 05:46:00,CFBA466
8133470,EH185,2017-03-17 10:20:00,CFB8727
12931240,EF132,2017-03-17 05:44:00,CFB7404
6051220,DG117,2017-03-17 07:45:00,BFC4625
12921220,KF144,2017-07-21 22:37:00,BFC4534
12931220,XF152,2017-07-24 11:32:00,BFC4525
12929220,FK163,2017-03-17 09:44:00,BFC4518
12324250,XE170,2017-03-17 06:44:00,BFC3601
10332250,JJ095,2017-03-17 10:40:00,BFC3597
9704260,JJ156,2017-03-17 07:10:00,BFC3587
9580250,EH181,2017-03-17 02:37:00,BFC3581
9580250,EH165,2017-03-17 02:30:00,BFC3578
9559250,GD161,2017-03-17 07:33:00,BFC3570
12243261,FH095,2017-03-17 07:35:00,BFC3565
11372260,SF100,2017-03-17 02:52:00,BFC3561
11372260,XF090,2017-03-17 02:45:00,BFC3560
11372260,YF091,2017-03-17 02:43:00,BFC3557
12957260,KJ065,2017-03-17 02:17:00,BFC3539
12957260,JJ054,2017-03-17 07:12:00,BFC3536
12957260,HJ076,2017-07-15 23:05:00,BFC3525
12434260,NE091,2017-03-17 02:21:00,BFC3521
12434260,SE106,2017-03-17 07:37:00,BFC3520
12434260,XE104,2017-03-17 02:50:00,BFC3519
12434260,SE091,2017-03-17 02:47:00,BFC3517
12434260,NE105,2017-03-17 03:03:00,BFC3516
5787220,DH159,2017-03-17 06:47:00,BFC3512
12932260,VF088,2017-03-17 02:23:00,BFC3509
12957260,WH084,2017-03-17 07:17:00,BFC3451
12957260,WH059,2017-03-17 06:57:00,BFC3449
12932260,SF059,2017-03-17 07:00:00,BFC3444
12932260,SF058,2017-03-17 02:54:00,BFC3442
12932260,HH075,2017-03-17 06:38:00,BFC3431
12932260,KF062,2017-03-17 06:50:00,BFC3425
12932260,VF058,2017-03-17 07:29:00,BFC3422
12932260,KF082,2017-03-17 02:41:00,BFC3421
12932260,KF060,2017-03-17 02:39:00,BFC3420
12932260,FH060,2017-03-17 02:55:00,BFC3419
12932260,TF059,2017-03-17 02:28:00,BFC3414
12932260,LF072,2017-03-17 07:28:00,BFC3408
12352250,YF169,2017-07-25 23:23:00,BFC3405
8915250,GD182,2017-03-17 02:19:00,BFC3403
11924170,SF069,2017-03-17 06:13:00,BFC3387
11924170,SF077,2017-03-17 06:11:00,BFC3386
11924170,FH090,2017-04-20 19:38:00,BFC3383
11924170,XF066,2017-03-17 06:06:00,BFC3381
11924170,FH097,2017-03-17 07:42:00,BFC3375
12419250,YF158,2017-03-17 02:35:00,BFC2736
12419250,YF124,2017-03-17 06:54:00,BFC2726
12419260,YF154,2017-03-17 07:07:00,BFC2694
12419260,SJ075,2017-07-26 22:26:00,BFC2692
12419260,YF178,2017-03-17 06:52:00,BFC2688
12419260,YF177,2017-03-17 02:33:00,BFC2687
12451260,SH113,2017-03-17 02:58:00,BFC2684
12451260,UH093,2017-03-17 03:00:00,BFC2678
12451260,TH092,2017-08-02 14:57:00,BFC2666
12451260,SH106,2017-03-17 07:20:00,BFC2659
12278260,UF179,2017-03-17 09:39:00,BFC2643
11612260,XH098,2017-03-17 10:42:00,BFC2638
12349320,JK088,2017-03-17 05:55:00,BFC2628
12537330,WF087,2017-03-17 05:58:00,BFC2619
10495350,FA133,2017-03-17 10:45:00,BFC2576
10687380,KF126,2017-03-17 06:29:00,BFC2572
10622380,FB095,2017-03-17 06:32:00,BFC2564
7712210,CP107,2017-03-17 02:14:00,BFC2524
7712210,CP160,2017-03-17 09:57:00,BFC2523
10309210,VJ168,2017-03-17 02:17:00,BFC2509
8869210,FE156,2017-03-17 07:05:00,BFC2487
9181210,CM130,2017-03-17 02:10:00,BFC2471
8706210,EC136,2017-03-17 03:31:00,BFC2435
7246210,GE184,2017-03-17 02:24:00,BFC2426
8909210,EE178,2017-03-17 02:22:00,BFC2420
8869210,FG159,2017-03-17 03:19:00,BFC2408
10313210,FH146,2017-03-17 03:22:00,BFC2401
10310210,YF141,2017-04-20 08:50:00,BFC2400
7162210,FN172,2017-03-17 03:20:00,BFC2390
7162210,FN167,2017-03-17 03:11:00,BFC2389
7162210,EE152,2017-03-17 03:15:00,BFC2355
11230210,DB202,2017-03-17 02:12:00,BFC2047
12200220,VE170,2017-03-17 03:06:00,BFC1988
11231210,CJ183,2017-03-17 09:47:00,BFC1986
10190260,JJ150,2017-03-17 06:36:00,BFC1923
9705260,MJ121,2017-03-17 09:50:00,BFC1885
11612260,YH077,2017-03-17 07:14:00,BFC1873
11612260,XH085,2017-03-17 07:26:00,BFC1868
12367260,SH109,2017-03-17 02:20:00,BFC1861
12367260,SH115,2017-03-17 06:34:00,BFC1858
12084510,SF089,2017-03-17 06:15:00,BFC1262
12084510,JH068,2017-03-17 06:26:00,BFC1248
11373210,EE121,2017-03-17 10:36:00,BFC1198
12715280,VF068,2017-03-17 05:53:00,BFB4706
13075380,VF050,2017-07-24 11:18:00,BFB3750
13075380,YF059,2017-04-20 22:30:00,BFB3748
12871220,JH126,2017-03-17 07:02:00,BFB3739
12871220,HJ134,2017-03-17 03:28:00,BFB3730
8884210,FE097,2017-03-17 03:17:00,BFB3655
12091510,NF070,2017-03-17 05:56:00,BFB3566
5640510,DD091,2017-03-17 06:21:00,BFB1875
11694510,JJ093,2017-07-19 17:26:00,BFB1868
7712210,CP138,2017-03-17 07:31:00,BFB1041
11144260,FC137,2017-03-17 05:49:00,BFB0915
12645210,JJ074,2017-03-17 00:58:00,CFB9658
12412200,XJ126,2017-03-16 22:48:00,CFB9537
12412200,FK106,2017-07-22 06:38:00,CFB9535
11977470,UF087,2017-04-21 01:42:00,CFB8711
11977470,UF069,2017-04-20 22:23:00,CFB8709
12227200,MF188,2017-03-16 21:21:00,CFB8590
11029200,DJ166,2017-03-17 01:01:00,CFB7959
12749200,HH098,2017-04-13 10:00:00,CFB5693
9957210,EM201,2017-03-16 22:42:00,CFB4836
7180190,CP132,2017-03-16 23:51:00,CFB2631
12865220,CK135,2017-03-16 22:55:00,CFB1903
12924240,HK140,2017-03-16 10:57:00,CFB0287
12649200,XH094,2017-10-12 18:47:00,CFAA088
9704260,CJ161,2017-03-17 01:41:00,BFC3592
12957260,KJ066,2017-03-17 01:27:00,BFC3540
12957260,MJ078,2017-03-17 01:38:00,BFC3533
12434260,SE101,2017-03-17 01:33:00,BFC3514
12932260,HF076,2017-03-16 22:02:00,BFC3424
12932260,TF070,2017-03-17 00:46:00,BFC3409
8915250,GD198,2017-03-17 01:30:00,BFC3402
12419250,SJ068,2017-03-16 21:10:00,BFC2732
10196250,DL208,2017-03-16 23:56:00,BFC2717
10196250,DJ177,2017-03-17 01:34:00,BFC2715
12451260,LF182,2017-03-16 21:37:00,BFC2676
12451260,UH062,2017-03-16 22:35:00,BFC2655
12451260,LF162,2017-03-16 12:16:00,BFC2647
12349320,CJ063,2017-03-16 22:05:00,BFC2635
12349320,CJ095,2017-03-16 11:17:00,BFC2632
12464320,CF102,2017-03-16 22:22:00,BFC2626
12249320,CH175,2017-08-02 01:50:00,BFC2597
8566380,DH139,2017-03-17 01:07:00,BFC2563
12720380,EK166,2017-03-17 01:04:00,BFC2552
12776380,XJ115,2017-03-16 22:13:00,BFC2550
10313210,FH144,2017-03-16 10:54:00,BFC2541
7712210,DC098,2017-03-17 01:52:00,BFC2528
8704210,EB140,2017-03-16 22:31:00,BFC2516
8704210,EB131,2017-03-17 00:48:00,BFC2515
8704210,EM132,2017-03-16 05:52:00,BFC2514
10309210,FJ159,2017-03-17 01:47:00,BFC2510
8869210,FH178,2017-03-16 10:48:00,BFC2488
8869210,FC166,2017-03-16 23:37:00,BFC2482
10296210,WH137,2017-03-17 00:40:00,BFC2474
7247210,DA181,2017-03-17 01:54:00,BFC2455
12863210,MJ136,2017-03-16 23:04:00,BFC2450
7712210,CP105,2017-03-17 01:58:00,BFC2430
8909210,CO185,2017-03-16 21:39:00,BFC2415
8909210,EC196,2017-03-16 22:45:00,BFC2413
8869210,FK157,2017-03-17 00:52:00,BFC2406
8869210,FC153,2017-03-17 02:00:00,BFC2405
10308210,TJ155,2017-03-16 10:50:00,BFC2395
10308210,TJ159,2017-03-16 05:54:00,BFC2394
11508230,CJ147,2017-04-21 02:35:00,BFC2373
11787230,SJ133,2017-04-21 02:02:00,BFC2370
10308210,CJ141,2017-03-17 01:57:00,BFC2364
7162210,FN150,2017-03-17 01:49:00,BFC2350
10001290,JF124,2017-04-20 19:20:00,BFC2179
8462300,DH209,2017-03-16 20:57:00,BFC2175
8462300,DM200,2017-03-16 23:14:00,BFC2174
12348300,UJ172,2017-03-16 11:08:00,BFC2157
8478290,EE211,2017-03-16 11:03:00,BFC2155
12715280,EH098,2017-03-16 12:20:00,BFC2141
12449280,XH084,2017-03-16 12:25:00,BFC2136
10438210,EH191,2017-08-02 07:45:00,BFC2054
11230210,DD187,2017-03-16 23:25:00,BFC2038
12814210,YE094,2017-03-16 21:25:00,BFC2016
11902220,FH067,2017-03-16 23:09:00,BFC1997
11902220,FH073,2017-03-16 23:22:00,BFC1996
11902220,UF087,2017-03-16 23:20:00,BFC1992
12200220,HF178,2017-03-16 21:31:00,BFC1987
12367260,SH124,2017-03-16 21:54:00,BFC1860
12367260,WH150,2017-03-16 22:40:00,BFC1848
5496270,CJ165,2017-03-16 21:49:00,BFC1822
12451260,MH053,2017-03-16 21:35:00,BFC1819
12087510,MF109,2017-03-16 12:23:00,BFC1264
12084510,SF086,2017-03-17 01:12:00,BFC1261
12084510,WF092,2017-04-20 22:56:00,BFC1256
12084510,WF086,2017-04-20 23:07:00,BFC1255
12084510,JH072,2017-03-17 01:15:00,BFC1250
12084510,WF073,2017-03-17 01:24:00,BFC1246
12084510,CH084,2017-04-20 23:06:00,BFC1245
8741210,EN190,2017-03-16 22:17:00,BFC1167
8745210,EO165,2017-03-16 23:16:00,BFC1164
8708210,FI132,2017-03-16 22:57:00,BFC1150
11466210,EF157,2017-03-16 23:29:00,BFC1146
12373210,UF080,2017-03-17 00:56:00,BFC1142
12655210,HK158,2017-03-16 21:18:00,BFC1135
12705210,WE167,2017-08-23 15:54:00,BFC1120
12705210,WE159,2017-03-16 23:12:00,BFC1119
12705210,WE145,2017-03-16 21:07:00,BFC1112
11230210,DB170,2017-03-16 22:19:00,BFC1086
12624210,NF167,2017-03-17 00:36:00,BFC1003
8522210,EP198,2017-03-16 21:02:00,BFC0254
8522210,FH198,2017-03-16 21:04:00,BFC0248
10404210,GG172,2017-03-16 23:27:00,BFB3689
12051510,NH060,2017-03-16 21:56:00,BFB3473
7247210,FO158,2017-03-16 22:11:00,BFB2550
7712210,CP154,2017-03-17 01:44:00,BFB2545
11994510,VE183,2017-03-16 21:15:00,BFB1758
7813220,DC095,2017-03-17 00:32:00,BFB1099
12618210,UE154,2017-03-16 22:20:00,BFB0281
12852240,XF143,2017-03-15 22:20:00,CFBB231
11696500,WF166,2017-03-15 23:36:00,CFBA962
11924170,FH094,2017-03-15 21:48:00,CFB8720
12919240,MJ057,2017-03-15 23:51:00,CFB1105
8930290,DD164,2017-03-16 00:34:00,CFAG584
10332250,JJ087,2017-03-16 04:56:00,BFC3598
9704260,JJ158,2017-03-16 05:11:00,BFC3593
11748260,FK095,2017-03-15 22:10:00,BFC3585
12957260,NJ062,2017-03-16 05:01:00,BFC3531
12957260,MJ065,2017-03-16 05:16:00,BFC3529
12311260,WJ111,2017-03-16 04:21:00,BFC3510
9640250,CP176,2017-03-16 00:28:00,BFC3508
12957260,MJ087,2017-03-16 04:31:00,BFC3492
12932260,SF055,2017-03-16 04:59:00,BFC3441
12932260,WF089,2017-03-15 22:16:00,BFC3440
12932260,WF058,2017-03-15 22:07:00,BFC3436
12932260,HH091,2017-03-15 22:05:00,BFC3435
12932260,HH082,2017-03-15 22:13:00,BFC3430
12932260,HF072,2017-03-16 04:52:00,BFC3423
9704260,JJ125,2017-07-19 16:24:00,BFC3404
10196250,DL214,2017-03-16 05:10:00,BFC2719
10196250,DJ171,2017-03-16 00:14:00,BFC2714
12932260,VF056,2017-03-16 04:54:00,BFC2708
12932260,VF100,2017-03-15 23:56:00,BFC2706
12419260,YF143,2017-03-16 00:20:00,BFC2701
12451260,SH098,2017-03-16 05:03:00,BFC2675
12451260,TH113,2017-03-16 04:29:00,BFC2671
12451260,LF178,2017-03-16 04:35:00,BFC2667
12451260,LF079,2017-03-26 23:02:00,BFC2664
12451260,MH081,2017-08-10 13:14:00,BFC2663
12451260,UH066,2017-03-16 05:42:00,BFC2661
12451260,HJ077,2017-08-01 09:51:00,BFC2654
12451260,SH101,2017-03-16 00:07:00,BFC2646
12349320,JK082,2017-03-15 23:06:00,BFC2627
12248320,EH075,2017-07-26 02:53:00,BFC2608
12248320,CH076,2017-04-20 22:09:00,BFC2607
12248320,CH063,2017-03-16 05:20:00,BFC2606
12338330,XF089,2017-03-16 05:22:00,BFC2591
12598380,NF182,2017-08-02 14:27:00,BFC2590
11384380,SF128,2017-03-16 01:46:00,BFC2579
10495350,FN081,2017-04-21 01:08:00,BFC2575
10648380,FJ181,2017-03-15 22:29:00,BFC2568
8566380,CN151,2017-03-16 05:31:00,BFC2562
9852380,EJ119,2017-03-15 22:57:00,BFC2561
10641380,EJ131,2017-04-20 23:22:00,BFC2558
12776380,EJ068,2017-03-16 05:18:00,BFC2551
10396210,EJ162,2017-03-16 03:22:00,BFC2540
7247210,DK194,2017-03-16 04:44:00,BFC2533
12850230,YH091,2017-03-15 22:52:00,BFC2505
11401230,WF147,2017-07-18 23:03:00,BFC2500
11902230,MF075,2017-03-16 05:49:00,BFC2468
7818210,CH134,2017-03-16 04:50:00,BFC2462
10308210,HJ168,2017-03-16 03:31:00,BFC2458
8706210,EK128,2017-03-16 04:05:00,BFC2457
7712210,DC131,2017-03-16 03:33:00,BFC2432
8909210,CO160,2017-03-15 23:23:00,BFC2421
8909210,CO189,2017-03-16 04:48:00,BFC2417
8909210,CO175,2017-03-15 23:16:00,BFC2416
8522210,EF204,2017-03-16 03:48:00,BFC2404
7236210,FE112,2017-04-21 02:10:00,BFC2385
8373300,EP171,2017-03-16 05:13:00,BFC2185
8462300,DM202,2017-03-16 05:08:00,BFC2173
8462300,DM203,2017-04-20 21:28:00,BFC2172
8462300,DM217,2017-03-15 22:22:00,BFC2171
11229210,CD204,2017-03-16 04:02:00,BFC2053
11230210,DB200,2017-03-16 04:46:00,BFC2049
11230210,DB199,2017-03-16 04:13:00,BFC2045
11230210,CO176,2017-03-15 23:18:00,BFC2042
12814210,YE109,2017-03-15 23:09:00,BFC2017
12814210,JH057,2017-04-21 02:12:00,BFC2007
9168210,DI172,2017-03-15 23:18:00,BFC2002
12200220,VE161,2017-03-15 23:30:00,BFC1991
12200220,VE162,2017-03-15 23:09:00,BFC1990
11373210,DP107,2017-03-15 23:13:00,BFC1962
12247260,NE096,2017-09-26 02:45:00,BFC1830
12084510,JH085,2017-03-16 05:30:00,BFC1260
12084510,JH075,2017-03-16 03:11:00,BFC1257
12084510,WF077,2017-04-12 14:50:00,BFC1252
12084510,CH078,2017-03-16 03:00:00,BFC1242
11997510,NK131,2017-03-15 22:31:00,BFC1221
11373210,FG140,2017-03-15 23:24:00,BFC1192
11373210,FH142,2017-03-15 23:11:00,BFC1187
9033210,DP131,2017-03-15 23:07:00,BFC1143
11230210,DB190,2017-03-16 03:45:00,BFC1088
11228210,EC206,2017-03-15 23:20:00,BFC1045
11362210,FK165,2017-03-15 23:31:00,BFC1027
12224220,LE113,2017-04-20 23:12:00,BFC0283
12464330,CF096,2017-03-15 22:55:00,BFB4672
12871220,HH156,2017-03-15 21:27:00,BFB3723
10308210,EJ167,2017-03-15 23:27:00,BFB3691
9298530,VF099,2017-03-15 21:35:00,BFB3612
5904540,FI207,2017-03-15 22:33:00,BFB3587
12083510,YF162,2017-03-15 21:45:00,BFB3524
11250510,GG171,2017-04-24 04:12:00,BFB3508
12051510,UJ073,2017-03-16 05:33:00,BFB3474
6108280,DB179,2017-03-16 00:00:00,BFB2758
8373300,EP186,2017-03-15 22:27:00,BFB2711
7164210,FF166,2017-03-16 01:01:00,BFB2623
12697210,CK128,2017-03-15 22:46:00,BFB2502
8666510,GG140,2017-03-16 00:41:00,BFB1915
12192200,HF132,2017-03-15 19:38:00,CFBB172
8931290,DB169,2017-03-15 15:59:00,CFBA896
11363230,FJ179,2017-03-15 15:44:00,CFBA502
12589200,VJ138,2017-03-15 19:01:00,CFBA423
12142200,XH114,2017-03-15 19:20:00,CFBA293
12645210,NJ088,2017-03-15 15:42:00,CFB9611
12919240,MJ089,2017-03-15 14:58:00,CFB8945
12227200,KJ136,2017-04-20 19:14:00,CFB8601
12502200,KJ073,2017-03-15 15:02:00,CFB8577
12783240,YJ126,2017-03-15 19:34:00,CFB7361
12702200,KK105,2017-03-15 19:49:00,CFB6611
11373200,EO156,2017-03-15 16:54:00,CFB4313
11932200,MH172,2017-03-15 17:18:00,CFB4309
11901200,JH087,2017-03-15 17:13:00,CFB3286
12662200,UF174,2017-03-15 17:10:00,CFB1734
12624200,VF182,2017-03-15 15:11:00,CFB0182
12130200,SF173,2017-03-15 16:59:00,CFAB773
8144580,EL190,2017-03-15 15:19:00,CDL0954
12419250,MJ078,2017-03-15 18:47:00,BFC2730
12259250,SE057,2017-07-16 00:04:00,BFC2709
12932260,VF080,2017-03-15 19:18:00,BFC2703
12451260,SH104,2017-03-15 19:07:00,BFC2656
12451260,MH100,2017-03-15 17:31:00,BFC2652
12451260,MH095,2017-03-15 19:16:00,BFC2651
12248320,CH070,2017-03-15 18:05:00,BFC2605
7236210,FE101,2017-03-15 15:31:00,BFC2543
10309210,UJ140,2017-03-15 15:47:00,BFC2508
11401230,VF144,2017-03-15 18:44:00,BFC2502
8869210,FC171,2017-03-15 19:47:00,BFC2483
7246210,EI157,2017-03-15 17:46:00,BFC2425
8909210,CO157,2017-03-15 19:26:00,BFC2418
10296210,MH141,2017-03-15 18:59:00,BFC2366
10308210,EJ154,2017-04-20 22:11:00,BFC2365
10308210,KJ130,2017-03-15 18:40:00,BFC2363
10308210,HJ140,2017-03-15 15:57:00,BFC2362
10308210,EJ142,2017-03-15 15:29:00,BFC2361
10308210,EJ143,2017-03-15 17:50:00,BFC2360
7162210,FH172,2017-03-15 15:59:00,BFC2353
7162210,FN154,2017-03-15 17:29:00,BFC2351
6105280,GB203,2017-03-15 17:56:00,BFC2188
6114280,DC189,2017-07-26 03:34:00,BFC2181
8462300,EF219,2017-03-15 18:36:00,BFC2177
8462300,DN220,2017-03-15 15:04:00,BFC2161
12715280,WF116,2017-03-15 15:38:00,BFC2148
12715280,WF103,2017-03-15 17:33:00,BFC2147
12715280,EH089,2017-03-15 15:33:00,BFC2145
12715280,WF068,2017-03-15 15:38:00,BFC2138
12715280,EH108,2017-03-15 18:49:00,BFC2137
12449280,YH095,2017-03-15 15:52:00,BFC2134
10445210,EP195,2017-03-15 17:24:00,BFC2058
11229210,CD208,2017-03-15 16:02:00,BFC2052
11230210,DD222,2017-04-09 20:59:00,BFC2051
12814210,HF094,2017-03-15 19:43:00,BFC2020
12814210,JH068,2017-08-01 09:45:00,BFC2018
12814210,YE076,2017-03-15 19:22:00,BFC2014
12814210,EF085,2017-03-15 18:38:00,BFC2005
9168210,DI180,2017-03-15 17:56:00,BFC2004
9168210,DI177,2017-03-15 18:42:00,BFC2003
10196250,DK206,2017-03-15 16:12:00,BFC1948
10012260,VH098,2017-03-15 16:07:00,BFC1932
10057260,MH131,2017-03-15 14:57:00,BFC1927
10045260,NH135,2017-09-25 18:51:00,BFC1916
10045260,NH157,2017-10-09 19:44:00,BFC1915
11537260,EP120,2017-03-15 17:41:00,BFC1906
12932260,VF095,2017-03-15 14:56:00,BFC1896
12369260,MH089,2017-03-15 19:04:00,BFC1894
12243261,FH083,2017-03-15 15:08:00,BFC1892
10008260,JJ116,2017-03-15 17:21:00,BFC1891
12367260,LH174,2017-03-15 16:06:00,BFC1863
12419260,YF162,2017-04-10 19:50:00,BFC1838
12247260,UF096,2017-03-15 15:06:00,BFC1832
8559350,CN167,2017-03-15 17:55:00,BFC1818
8559350,CL153,2017-03-15 19:24:00,BFC1813
9985350,YE139,2017-03-15 17:58:00,BFC1812
12557350,KH109,2017-03-15 17:27:00,BFC1796
12058510,KK111,2017-03-15 15:00:00,BFC1204
11373210,FG145,2017-03-15 18:51:00,BFC1195
10398210,DJ151,2017-03-15 18:55:00,BFC1174
10493210,CO234,2017-03-15 18:53:00,BFC1159
11230210,DC205,2017-03-15 15:39:00,BFC1081
11229210,DJ208,2017-03-15 16:05:00,BFC1065
12624210,NF168,2017-03-15 18:57:00,BFC1004
12871220,HH165,2017-03-15 19:40:00,BFC0320
12871220,FH128,2017-03-15 17:13:00,BFC0319
9169210,EF127,2017-03-15 21:11:00,BFC0224
7790220,CP082,2017-03-15 19:51:00,BFC0162
7236210,EM145,2017-04-20 19:31:00,BFB4725
7833220,CK145,2017-03-15 21:24:00,BFB3701
8893220,DP197,2017-03-15 17:03:00,BFB3676
11809500,FJ159,2017-03-15 14:54:00,BFB3519
12051510,TH056,2017-03-15 14:55:00,BFB3487
12051510,LJ072,2017-03-15 15:30:00,BFB3467
9181210,CM146,2017-03-15 21:18:00,BFB2543
7245210,DI181,2017-03-15 19:29:00,BFB2534
11696510,TE137,2017-03-15 17:20:00,BFB1974
5850510,DM128,2017-03-15 16:56:00,BFB1954
11995510,HF187,2017-04-20 22:54:00,BFB1831
6490510,FC183,2017-03-15 17:26:00,BFB1809
9995290,CF158,2017-03-15 15:37:00,BFB0812
12852240,XE152,2017-03-15 15:00:00,BFB0441
12497200,TJ101,2017-03-15 14:26:00,CFBB186
11694510,XJ086,2017-03-15 14:03:00,CFBA959
8931290,DP125,2017-03-15 13:48:00,CFBA895
12256200,MH072,2017-03-15 13:18:00,CFBA322
7521280,EM191,2017-03-15 13:56:00,CFB9766
7957280,GC132,2017-03-15 13:41:00,CFB9750
12645210,SJ097,2017-03-15 13:36:00,CFB9609
12645210,SJ063,2017-03-15 13:34:00,CFB9589
9402290,XJ078,2017-03-15 14:11:00,CFB8985
7238210,FC114,2017-03-15 13:22:00,CFB8747
11971470,KJ178,2017-03-15 13:51:00,CFB8718
11091200,EE102,2017-03-15 13:22:00,CFB7982
12863240,EK101,2017-03-15 13:27:00,CFB7375
12805240,MH073,2017-03-15 13:34:00,CFB7329
11931200,YH131,2017-03-15 13:02:00,CFB7266
7669190,FE150,2017-03-15 14:42:00,CFB7243
10906200,DG178,2017-03-15 13:07:00,CFB6531
11216200,EC179,2017-03-15 14:29:00,CFB5708
12749200,HH083,2017-03-15 12:57:00,CFB5687
10113230,SH067,2017-03-15 13:36:00,CFB4126
7452210,FN183,2017-03-15 13:20:00,CFB3406
12774240,TF152,2017-03-15 12:41:00,CFB2752
9270300,FF074,2017-03-15 14:44:00,CFAF912
10371260,HF181,2017-03-15 13:16:00,CFAE453
11801530,YF075,2017-07-25 22:34:00,CFA6709
6259280,DJ187,2017-03-15 13:39:00,CEL5974
12451260,SH100,2017-03-15 12:27:00,BFC2649
7248210,EF175,2017-04-20 22:06:00,BFC2548
8462300,DP220,2017-03-15 13:12:00,BFC2158
12814210,FF085,2017-03-15 11:21:00,BFC2022
11902220,SF087,2017-03-15 11:15:00,BFC1999
11902220,SF091,2017-03-15 11:09:00,BFC1998
11902220,XE112,2017-03-15 11:11:00,BFC1994
10196250,DK175,2017-03-15 13:18:00,BFC1952
10196250,DK204,2017-03-15 12:53:00,BFC1947
12033260,TF108,2017-09-12 18:07:00,BFC1941
12033260,KF097,2017-03-15 12:39:00,BFC1939
10012260,EK114,2017-03-15 12:21:00,BFC1935
10057260,MH146,2017-07-21 23:54:00,BFC1929
10045260,XH156,2017-03-15 14:28:00,BFC1913
11537260,EP109,2017-03-15 11:28:00,BFC1905
12932260,VF055,2017-03-15 13:20:00,BFC1897
12932260,KF055,2017-03-15 12:45:00,BFC1895
12243261,FH087,2017-03-15 12:45:00,BFC1893
9705260,FH147,2017-03-15 11:34:00,BFC1884
12367260,CH127,2017-03-15 12:42:00,BFC1846
12451260,UH091,2017-03-15 12:30:00,BFC1843
12419260,YF150,2017-07-19 14:39:00,BFC1836
12247260,NE108,2017-03-15 12:48:00,BFC1829
10298260,LF152,2017-03-15 12:27:00,BFC1826
10455250,KF093,2017-03-15 14:13:00,BFC1825
12957260,VH063,2017-03-15 12:59:00,BFC1824
12713350,TH113,2017-03-15 12:54:00,BFC1809
12709350,LH129,2017-03-15 14:37:00,BFC1804
12716350,VH104,2017-03-15 13:04:00,BFC1803
12787350,YH144,2017-03-15 14:52:00,BFC1800
11161350,UF102,2017-03-15 14:38:00,BFC1797
12557350,KH105,2017-03-15 14:19:00,BFC1795
12804350,HJ180,2017-03-15 13:52:00,BFC1792
12804350,HJ178,2017-03-15 13:09:00,BFC1791
6491510,FF203,2017-04-11 17:55:00,BFC1268
12087510,XF084,2017-03-15 14:16:00,BFC1266
12084510,EH115,2017-03-15 14:08:00,BFC1228
12058510,XJ073,2017-03-15 14:50:00,BFC1203
8708210,FI120,2017-03-15 14:40:00,BFC1149
11466210,EJ153,2017-03-15 11:07:00,BFC1148
12662210,VE069,2017-03-15 12:56:00,BFC1123
12705210,WE154,2017-03-15 11:35:00,BFC1114
12705210,YE135,2017-03-15 14:17:00,BFC1110
12636210,JH069,2017-03-15 11:37:00,BFC1106
12814210,HH079,2017-04-20 19:15:00,BFC1103
11232210,FK184,2017-03-15 13:02:00,BFC1093
11229210,DJ203,2017-03-15 12:21:00,BFC1057
11229210,CD206,2017-03-15 12:35:00,BFC1052
11229210,CD207,2017-03-15 12:30:00,BFC1051
12580210,FK158,2017-03-15 11:18:00,BFC1008
12259220,LH096,2017-03-15 14:46:00,BFC0298
12224220,LE087,2017-03-15 14:35:00,BFC0284
11522210,CO148,2017-03-15 12:24:00,BFC0258
8522210,DK185,2017-03-15 14:36:00,BFC0246
10396210,FF156,2017-03-15 14:33:00,BFC0216
12257220,HF077,2017-03-15 11:25:00,BFC0140
5209220,FE086,2017-03-15 14:23:00,BFC0126
12719280,UF107,2017-03-15 13:32:00,BFB4698
12871220,KH132,2017-03-15 14:40:00,BFB3740
10493210,CO175,2017-03-15 11:05:00,BFB3716
8300540,FC204,2017-03-15 14:12:00,BFB3642
8352530,CO132,2017-03-15 14:53:00,BFB3641
11999510,FK160,2017-03-15 13:38:00,BFB3576
12051510,TH064,2017-03-15 14:07:00,BFB3492
12059510,JJ076,2017-03-15 14:22:00,BFB1912
6490510,EI180,2017-03-15 14:01:00,BFB1870
12091510,VF109,2017-03-15 14:06:00,BFB1847
12089510,YF074,2017-08-02 07:10:00,BFB1814
12273510,WJ072,2017-03-15 14:48:00,BFB1789
7813220,CK131,2017-03-15 11:13:00,BFB1100
9995290,LF159,2017-03-15 13:55:00,BFB0820
9404290,TJ063,2017-03-15 13:58:00,BFB0795
12862240,XJ121,2017-07-26 23:52:00,BFB0459
12852240,LH158,2017-03-15 13:25:00,BFB0443
7972220,CO162,2017-03-14 18:52:00,CFBB036
10846220,FH086,2017-07-29 03:11:00,CFBB011
8908210,CP160,2017-03-14 11:26:00,CFBA594
10133230,LF155,2017-03-14 13:16:00,CFBA531
11802230,NJ072,2017-03-15 09:36:00,CFBA447
12256200,LH102,2017-03-15 09:23:00,CFBA305
9402290,XJ085,2017-03-14 11:31:00,CFB8982
10141210,CI145,2017-03-15 09:29:00,CFB8738
11712470,WJ118,2017-04-21 01:49:00,CFB8716
12287470,NF071,2017-03-14 13:05:00,CFB8693
11092200,FF138,2017-03-14 12:12:00,CFB8654
12819200,WF060,2017-03-14 14:02:00,CFB8020
10914200,EB157,2017-03-14 13:21:00,CFB7965
7047190,DH152,2017-03-15 09:40:00,CFB7236
12578210,NJ166,2017-08-01 09:38:00,CFB6617
7163210,FG161,2017-03-15 10:47:00,CFB5856
7163210,FJ167,2017-03-15 10:35:00,CFB5850
12622200,VH134,2017-03-14 13:26:00,CFB5656
12490200,EJ110,2017-03-15 09:31:00,CFB2567
12700200,TJ085,2017-07-25 02:18:00,CFB1817
11742200,TJ151,2017-03-14 14:00:00,CFAB139
11415330,DB199,2017-03-15 09:43:00,CEJB755
11401230,UH054,2017-03-15 09:20:00,BFC2498
12863210,TJ139,2017-03-15 09:15:00,BFC2497
8462300,EF197,2017-03-15 09:38:00,BFC2160
8462300,DP219,2017-03-14 18:43:00,BFC2159
10340210,EF172,2017-03-15 09:13:00,BFC2057
10438210,DL197,2017-03-15 09:17:00,BFC2056
11230210,DD208,2017-03-15 09:43:00,BFC2041
11230210,DD223,2017-03-14 13:10:00,BFC2036
12814210,FF109,2017-03-14 12:10:00,BFC2023
12814210,CF113,2017-03-15 10:37:00,BFC2011
12814210,JH062,2017-04-21 02:43:00,BFC2006
11232210,EH201,2017-03-14 12:26:00,BFC1974
10045260,NH151,2017-07-22 00:57:00,BFC1917
9705260,SH151,2017-03-15 09:06:00,BFC1890
9705260,FH150,2017-03-14 18:42:00,BFC1889
9705260,TJ127,2017-03-14 12:08:00,BFC1888
9558250,GC177,2017-03-14 18:37:00,BFC1880
11128260,DO110,2017-03-14 13:18:00,BFC1876
12367260,SH113,2017-03-14 13:28:00,BFC1845
12451260,MH057,2017-09-12 17:53:00,BFC1820
12711350,SH101,2017-03-14 18:50:00,BFC1807
12711350,YH115,2017-03-14 18:45:00,BFC1806
12881350,JJ173,2017-03-14 18:58:00,BFC1802
12084510,CH083,2017-03-15 09:41:00,BFC1243
12641290,FH217,2017-03-14 18:58:00,BFC1157
8708210,FI122,2017-03-15 09:01:00,BFC1151
12373210,VF084,2017-03-15 09:48:00,BFC1140
12373210,KH076,2017-04-21 02:13:00,BFC1139
12655210,HK154,2017-03-14 18:48:00,BFC1136
12705210,YE161,2017-03-15 10:59:00,BFC1109
11230210,DB189,2017-03-15 10:29:00,BFC1082
11230210,DC206,2017-03-14 11:30:00,BFC1080
11230210,DC187,2017-03-15 10:37:00,BFC1079
11229210,DJ211,2017-03-14 18:56:00,BFC1064
11229210,DJ193,2017-03-14 13:14:00,BFC1059
11229210,EM203,2017-03-14 12:45:00,BFC1058
11228210,EC205,2017-03-14 12:28:00,BFC1046
12793210,EH101,2017-03-15 11:02:00,BFC1019
12793210,EH110,2017-03-15 10:45:00,BFC1018
12637210,UH057,2017-03-14 14:06:00,BFC1009
12580210,FK137,2017-03-15 10:42:00,BFC1007
12580210,HK155,2017-03-14 12:24:00,BFC1006
6978220,DK192,2017-09-08 09:58:00,BFC0311
12874220,XH130,2017-03-14 18:46:00,BFC0305
7788220,DG087,2017-03-14 12:55:00,BFC0290
11264210,EJ085,2017-03-15 10:46:00,BFC0270
7248210,DP189,2017-03-14 18:35:00,BFC0266
11522210,CO153,2017-03-15 10:29:00,BFC0261
9169210,EF149,2017-03-14 11:28:00,BFC0225
8869210,FK167,2017-03-14 14:11:00,BFC0221
7164210,GJ132,2017-03-15 09:11:00,BFC0213
11263210,FC120,2017-03-14 18:50:00,BFC0207
11263210,EH103,2017-03-14 11:33:00,BFC0206
9176210,DO191,2017-03-14 18:48:00,BFC0186
12380220,XH147,2017-03-15 09:04:00,BFC0147
12257220,WE073,2017-03-15 10:57:00,BFC0138
8741210,DI182,2017-04-08 11:16:00,BFC0136
12871220,TH126,2017-03-15 09:51:00,BFB3734
10401210,EN159,2017-03-15 10:52:00,BFB3713
10143530,JK105,2017-03-14 18:52:00,BFB3586
12091510,VF101,2017-04-20 23:27:00,BFB3545
12051510,NH056,2017-03-14 12:39:00,BFB3461
7162210,FH168,2017-03-15 10:51:00,BFB2622
9181210,CM147,2017-03-15 10:44:00,BFB2542
7245210,EB172,2017-03-15 10:49:00,BFB2530
5664510,DG134,2017-04-20 21:38:00,BFB1874
11994510,XE178,2017-04-21 02:16:00,BFB1750
8438300,EG100,2017-03-15 09:39:00,BFB1708
11226210,DH204,2017-03-15 10:40:00,BFB1034
7236210,EM138,2017-03-15 10:42:00,BFB1000
8390290,CJ148,2017-03-14 19:01:00,BFB0857
8575290,CP099,2017-03-14 12:31:00,BFB0846
9995290,LF162,2017-03-15 09:33:00,BFB0816
9995290,XE136,2017-03-15 09:34:00,BFB0811
12852240,TH126,2017-03-14 12:41:00,BFB0425
9181210,CL143,2017-03-14 12:48:00,BFB0356
11361210,LH073,2017-03-15 09:50:00,BFB0322
7103190,DO178,2017-03-15 09:26:00,BFB0177
12384200,HH082,2017-03-14 10:03:00,CFBB109
8892220,DD203,2017-03-13 18:52:00,CFBB081
10026290,SH096,2017-03-14 04:05:00,CFBA934
12412200,XJ106,2017-03-13 17:00:00,CFB9536
9273290,SF062,2017-03-14 10:11:00,CFB8998
8521210,EN197,2017-03-14 04:44:00,CFB8785
7238210,FC130,2017-03-13 18:12:00,CFB8743
12594210,EK110,2017-03-14 03:28:00,CFB8122
10892200,EF101,2017-03-14 03:56:00,CFB7999
10665210,UH147,2017-03-13 17:28:00,CFB5772
12702200,LH132,2017-04-20 19:12:00,CFB5665
11218210,DP183,2017-03-14 03:42:00,CFB4798
12814210,FF095,2017-03-14 11:13:00,BFC2021
10196250,DL205,2017-03-13 19:03:00,BFC1958
10196250,DK180,2017-03-13 18:55:00,BFC1956
10196250,DK176,2017-03-13 18:29:00,BFC1953
10196250,DK183,2017-03-14 04:15:00,BFC1950
10196250,CO192,2017-03-13 18:41:00,BFC1946
12033260,TF113,2017-03-13 18:49:00,BFC1940
12033260,HH091,2017-03-13 18:51:00,BFC1936
10012260,VH094,2017-03-13 16:28:00,BFC1933
10057260,MH152,2017-08-01 09:26:00,BFC1928
10190260,JJ149,2017-03-13 18:21:00,BFC1924
10030260,LJ113,2017-03-14 04:18:00,BFC1921
9559250,FK177,2017-03-13 19:10:00,BFC1909
12369260,EJ183,2017-03-24 23:18:00,BFC1875
11612260,NH087,2017-03-14 04:06:00,BFC1871
12367260,LH172,2017-03-13 16:30:00,BFC1862
12367260,LH163,2017-03-13 18:26:00,BFC1859
12367260,LH075,2017-03-14 09:30:00,BFC1854
12367260,SH101,2017-03-14 09:35:00,BFC1851
12367260,WH145,2017-03-13 18:54:00,BFC1849
12367260,JH126,2017-03-13 18:47:00,BFC1844
12451260,LF181,2017-03-13 18:45:00,BFC1842
12093510,UF115,2017-03-14 10:18:00,BFC1209
11212210,DE179,2017-03-14 10:55:00,BFC1072
11229210,DI184,2017-03-14 03:48:00,BFC1050
11228210,EC209,2017-03-14 04:32:00,BFC1043
8801210,EC236,2017-03-14 03:40:00,BFC1040
12793210,YF109,2017-03-13 17:10:00,BFC1037
12793210,HH105,2017-03-14 11:09:00,BFC1034
12637210,SH054,2017-03-14 11:01:00,BFC1012
12637210,SH069,2017-03-14 10:53:00,BFC1011
12259220,LH082,2017-03-14 11:08:00,BFC0299
12870220,SH096,2017-03-14 03:33:00,BFC0292
8869210,FA159,2017-03-13 17:08:00,BFC0286
12256220,CF099,2017-03-14 03:30:00,BFC0281
8800210,EP234,2017-04-21 01:54:00,BFC0245
8800210,FF230,2017-03-14 04:01:00,BFC0244
10313210,FH125,2017-03-14 11:02:00,BFC0229
12335220,SF115,2017-03-14 04:30:00,BFC0222
11268210,EP190,2017-03-14 10:51:00,BFC0219
10434210,FD196,2017-03-14 11:18:00,BFC0217
12510210,SE114,2017-03-13 18:35:00,BFC0201
12510210,SE111,2017-03-14 04:22:00,BFC0200
12814210,NE103,2017-03-14 04:10:00,BFC0197
10345210,ED225,2017-03-14 11:20:00,BFC0189
9176210,DO184,2017-03-14 03:31:00,BFC0185
7697210,CL137,2017-03-14 11:05:00,BFC0184
8877210,CI120,2017-03-14 11:14:00,BFC0180
5210220,FF087,2017-03-14 04:24:00,BFC0173
7238210,EG101,2017-03-13 18:23:00,BFC0172
9169210,EF140,2017-03-13 18:32:00,BFC0170
11231200,FI191,2017-04-20 19:24:00,BFC0167
12380220,XH148,2017-03-13 18:33:00,BFC0146
12257220,HF072,2017-03-13 16:33:00,BFC0141
12257220,KF082,2017-03-14 04:12:00,BFC0139
10412210,GF185,2017-03-14 03:53:00,BFB4751
7833220,DC112,2017-03-13 16:36:00,BFB4743
11401220,CH146,2017-03-14 03:54:00,BFB4739
12464330,CF090,2017-07-26 03:47:00,BFB4679
12871220,JJ132,2017-03-13 18:37:00,BFB3741
12871220,WF127,2017-03-13 18:18:00,BFB3738
12871220,TH127,2017-03-14 03:50:00,BFB3733
12871220,LH155,2017-03-13 18:39:00,BFB3728
8893220,DP192,2017-03-13 16:38:00,BFB3673
9298530,HH107,2017-03-13 18:15:00,BFB3615
12091510,MF056,2017-03-14 04:08:00,BFB3540
11809500,KJ159,2017-03-14 04:26:00,BFB3520
12073510,XF154,2017-03-14 04:28:00,BFB3513
12051510,YH060,2017-03-14 03:58:00,BFB3503
12051510,NJ077,2017-03-13 17:03:00,BFB3481
12051510,WH064,2017-03-14 10:16:00,BFB3471
12793230,YF084,2017-03-14 03:45:00,BFB2705
11401230,JH069,2017-03-14 03:43:00,BFB2704
8877210,DJ077,2017-03-14 11:11:00,BFB2614
11694510,HJ104,2017-03-14 03:37:00,BFB1851
11995510,HF127,2017-03-14 10:09:00,BFB1827
11995510,UE185,2017-04-20 22:52:00,BFB1824
6494500,EC178,2017-03-13 16:58:00,BFB1791
11479210,EL093,2017-03-14 03:59:00,BFB0974
12852240,JH128,2017-03-14 04:39:00,BFB0446
12854240,UH178,2017-03-13 17:16:00,BFB0415
12862210,VE147,2017-03-14 09:57:00,BFB0357
9181210,CL127,2017-03-14 10:01:00,BFB0353
11734210,VE152,2017-03-13 16:51:00,BFB0337
11361210,KH081,2017-03-14 04:46:00,BFB0314
12194210,TJ093,2017-03-14 09:28:00,BFB0228
7103190,CK179,2017-03-13 16:56:00,BFB0171
7103190,DI217,2017-03-14 04:20:00,BFB0170
9170220,FE183,2017-03-13 14:21:00,CFBB094
8891220,EB208,2017-03-13 11:11:00,CFBB069
11640590,EK126,2017-07-24 10:43:00,CFBA576
10133230,UH070,2017-03-13 11:29:00,CFBA542
12589200,XE089,2017-04-20 21:33:00,CFBA396
9957210,EM186,2017-03-12 22:31:00,CFB8775
8303340,EF137,2017-03-13 12:56:00,CFB8071
10903200,FI183,2017-03-13 15:00:00,CFB7943
12850230,VJ080,2017-03-13 15:02:00,CFB7380
12128200,HF150,2017-03-13 11:31:00,CFB7308
10786200,DE207,2017-04-20 19:10:00,CFB7219
12375210,CH073,2017-03-27 16:34:00,CFB6715
12163200,HK137,2017-03-13 11:14:00,CFB6673
12162210,HJ154,2017-03-13 11:16:00,CFB6655
12701200,VF175,2017-03-13 11:24:00,CFB6608
12655200,NH126,2017-03-12 22:21:00,CFB6571
10665210,LJ109,2017-03-12 22:14:00,CFB5809
11092200,FI147,2017-03-13 14:13:00,CFB5741
11216200,FG163,2017-03-13 13:58:00,CFB5709
8896220,DL150,2017-03-13 14:00:00,CFB4954
11273200,FK220,2017-03-12 22:45:00,CFB4323
12777240,TH187,2017-05-04 02:34:00,CFB4075
11222210,CF152,2017-03-12 22:55:00,CFB3476
11224210,CE148,2017-03-12 22:52:00,CFB3467
12224200,SF165,2017-03-13 11:00:00,CFB1678
8586250,EJ169,2017-03-12 22:59:00,CFB1038
8928290,EI115,2017-03-12 22:26:00,CFAE327
12870240,SH081,2017-03-13 12:44:00,CFAC799
9384290,JF124,2017-08-31 11:18:00,CDB5499
10030260,LJ116,2017-03-13 12:34:00,BFC1922
10045260,XH150,2017-07-31 19:02:00,BFC1912
9586250,DJ160,2017-03-13 12:52:00,BFC1911
11128260,DP114,2017-03-13 12:50:00,BFC1878
11128260,EH114,2017-03-13 11:01:00,BFC1877
11612260,NH095,2017-03-13 12:26:00,BFC1870
11612260,XH093,2017-03-13 12:45:00,BFC1866
12377260,HH169,2017-03-13 12:41:00,BFC1865
12367260,LH160,2017-03-13 12:37:00,BFC1857
12367260,LH122,2017-03-13 11:07:00,BFC1856
12084510,CH074,2017-03-13 15:04:00,BFC1241
12084510,EH083,2017-03-13 13:14:00,BFC1235
12084510,JH111,2017-03-13 13:10:00,BFC1231
11997510,NK152,2017-03-13 13:09:00,BFC1222
12058510,KK112,2017-03-13 13:07:00,BFC1205
12793210,EH114,2017-03-13 14:27:00,BFC1038
12793210,EH105,2017-08-04 09:57:00,BFC1032
11362210,CJ092,2017-03-13 10:57:00,BFC1026
12871220,NH169,2017-03-13 14:18:00,BFC0324
12874220,CJ127,2017-03-13 14:15:00,BFC0304
12874220,XH128,2017-03-13 13:24:00,BFC0303
12874220,UF132,2017-03-13 13:46:00,BFC0302
12259220,LH091,2017-03-13 13:20:00,BFC0301
12259220,NF114,2017-03-13 13:12:00,BFC0300
12870220,XH106,2017-03-13 14:03:00,BFC0295
12870220,TH117,2017-03-13 11:04:00,BFC0294
12923220,VE148,2017-03-13 14:25:00,BFC0288
8765210,DB213,2017-03-13 13:54:00,BFC0236
10313210,FH123,2017-03-13 10:52:00,BFC0230
8909210,CO177,2017-03-13 14:30:00,BFC0210
9025210,FD072,2017-03-13 09:49:00,BFC0209
5760220,EA234,2017-03-13 13:44:00,BFC0208
11214200,ED181,2017-03-12 21:33:00,BFC0182
8877210,CH126,2017-03-13 10:42:00,BFC0179
11508220,MJ149,2017-03-13 10:50:00,BFC0177
5210220,FI118,2017-03-13 11:28:00,BFC0175
5210220,FI130,2017-03-13 13:52:00,BFC0174
9169210,FL213,2017-03-13 13:23:00,BFC0169
11218210,FF206,2017-03-13 13:56:00,BFC0157
12257220,KF062,2017-03-12 21:51:00,BFC0143
12257220,KF094,2017-03-13 10:40:00,BFC0142
9394210,EB101,2017-03-13 14:23:00,BFC0133
12703390,UF180,2017-03-13 13:00:00,BFB3743
8905220,DH173,2017-03-13 16:26:00,BFB3677
7231210,DL096,2017-03-12 21:40:00,BFB3666
7231210,EP122,2017-03-13 10:45:00,BFB3662
9298530,VF096,2017-03-12 21:58:00,BFB3616
9298530,VF110,2017-03-13 12:58:00,BFB3597
12091510,VF064,2017-03-12 22:10:00,BFB3555
12091510,MF057,2017-03-12 21:46:00,BFB3550
12091510,VF102,2017-03-13 15:09:00,BFB3546
12091510,VF097,2017-03-12 22:08:00,BFB3544
12091510,VF081,2017-03-12 22:02:00,BFB3538
12091510,VF091,2017-04-20 23:17:00,BFB3534
12051510,LJ069,2017-03-13 13:16:00,BFB3463
11460290,GA129,2017-03-13 12:47:00,BFB2768
11755220,YE086,2017-03-13 10:55:00,BFB2707
10296210,WH141,2017-03-12 21:48:00,BFB2687
11696510,SJ080,2017-03-13 10:34:00,BFB1878
8436300,EP098,2017-04-09 16:05:00,BFB1728
8880210,EF093,2017-03-13 13:49:00,BFB1110
8880210,EL083,2017-03-12 21:37:00,BFB1105
10398210,DF175,2017-03-13 13:50:00,BFB1039
7236210,FE096,2017-03-13 10:36:00,BFB0987
7236210,FG134,2017-03-13 11:09:00,BFB0984
11479210,EO083,2017-03-13 09:44:00,BFB0973
8572290,GB127,2017-03-13 15:11:00,BFB0841
9522290,EP244,2017-03-13 13:18:00,BFB0834
12995240,JF071,2017-03-12 22:23:00,BFB0383
11859210,MH081,2017-07-12 16:07:00,BFB0206
8954200,DB201,2017-03-13 14:05:00,BFB0187
12852240,SH154,2017-03-12 07:38:00,CFBB236
8891220,FB191,2017-03-12 07:07:00,CFBB070
10028290,UJ083,2017-03-12 07:12:00,CFBA942
10039290,KJ157,2017-03-12 02:45:00,CFBA919
8928290,EH172,2017-03-12 00:04:00,CFBA879
12589200,WE096,2017-04-26 23:58:00,CFBA415
12589200,XJ171,2017-03-12 07:42:00,CFBA405
7957280,GC116,2017-03-12 02:42:00,CFB9749
6239280,FJ202,2017-03-12 02:39:00,CFB9740
11924170,FH087,2017-04-21 01:52:00,CFB8719
11972470,LF092,2017-03-12 07:35:00,CFB8699
9346470,DK165,2017-03-12 06:33:00,CFB8675
11092200,FA144,2017-03-12 07:30:00,CFB8659
12594210,FK093,2017-03-12 07:48:00,CFB8126
12594210,EK111,2017-03-12 00:26:00,CFB8121
10889200,EJ178,2017-03-12 03:06:00,CFB7958
12924240,UH081,2017-03-12 07:37:00,CFB7397
12135200,MH134,2017-03-12 07:26:00,CFB7263
12130200,UF148,2017-03-12 21:26:00,CFB7259
7047190,EA099,2017-03-12 21:16:00,CFB7241
10986200,FJ181,2017-03-12 03:10:00,CFB7221
12579200,NF074,2017-03-12 00:24:00,CFB6670
10663210,WH145,2017-04-20 19:21:00,CFB6660
12131200,NF127,2017-03-12 03:08:00,CFB6580
10665210,EH140,2017-03-12 07:44:00,CFB5810
11844200,CH095,2017-03-12 03:04:00,CFB5729
10771220,UE130,2017-03-12 07:33:00,CFB4924
6240280,GF196,2017-03-12 02:49:00,CFB1008
11539590,SH053,2017-03-12 06:57:00,CFAF123
12655200,HK125,2017-03-12 00:03:00,CFA5292
10196250,DK177,2017-03-12 20:57:00,BFC1954
12084510,CH070,2017-03-12 21:22:00,BFC1240
12084510,TF079,2017-04-20 22:46:00,BFC1224
12870220,KH112,2017-03-12 21:12:00,BFC0293
8765210,EG240,2017-03-12 07:23:00,BFC0237
7972220,CM187,2017-03-12 07:01:00,BFC0234
7972220,CM165,2017-03-12 02:54:00,BFC0233
7972220,CM164,2017-03-12 07:12:00,BFC0232
10313210,FH142,2017-03-12 02:36:00,BFC0228
8893220,ED201,2017-03-12 07:25:00,BFC0227
6978220,DA183,2017-03-12 07:28:00,BFC0226
12814210,TE099,2017-03-12 07:22:00,BFC0196
8877210,CI126,2017-03-12 21:20:00,BFC0181
11263210,EI101,2017-04-13 07:19:00,BFC0171
9169210,PL216,2017-03-12 07:16:00,BFC0168
11231210,CN204,2017-03-12 07:24:00,BFC0154
7749220,DA141,2017-03-12 07:14:00,BFC0151
4787220,FK155,2017-03-12 07:21:00,BFC0150
12912220,LF102,2017-07-24 11:42:00,BFB4788
11263210,EH100,2017-03-12 07:36:00,BFB4771
9169210,EP192,2017-03-12 06:43:00,BFB4755
11401220,WF139,2017-05-19 23:31:00,BFB4741
12211320,LF077,2017-07-24 10:23:00,BFB4664
12871220,SH165,2017-03-12 07:51:00,BFB3722
10493210,EN145,2017-03-12 21:07:00,BFB3717
7833220,CP131,2017-03-12 07:08:00,BFB3702
9181210,CL136,2017-03-12 03:00:00,BFB3681
7231210,EC107,2017-03-12 07:02:00,BFB3669
7231210,EC120,2017-03-12 07:19:00,BFB3667
7231210,EP121,2017-03-12 07:38:00,BFB3663
12094530,SE080,2017-03-12 06:54:00,BFB3634
9298530,HH110,2017-03-12 06:41:00,BFB3614
9298530,HH105,2017-03-12 07:56:00,BFB3611
9298530,WF097,2017-03-12 06:39:00,BFB3607
9298530,JH102,2017-08-07 22:22:00,BFB3594
11815540,WE080,2017-03-12 06:55:00,BFB3585
12091510,VF071,2017-03-12 07:42:00,BFB3557
12091510,VF083,2017-03-12 06:50:00,BFB3554
12091510,NF075,2017-03-12 06:48:00,BFB3551
12091510,MF064,2017-04-26 06:17:00,BFB3548
12091510,VF093,2017-03-12 06:52:00,BFB3547
12091510,VF098,2017-04-21 01:32:00,BFB3543
12091510,NF056,2017-03-12 00:06:00,BFB3533
12091510,NF077,2017-03-12 06:39:00,BFB3532
12051510,NH070,2017-03-12 07:46:00,BFB3495
12051510,YH066,2017-03-12 07:51:00,BFB3493
12051510,TH065,2017-03-12 07:40:00,BFB3491
12051510,LJ081,2017-04-20 21:32:00,BFB3490
12051510,TH054,2017-03-12 06:58:00,BFB3486
12051510,NH115,2017-03-12 06:54:00,BFB3470
12051510,YH068,2017-03-12 07:54:00,BFB3466
8699290,EC246,2017-03-12 02:54:00,BFB2763
8586290,GA122,2017-03-12 02:59:00,BFB2761
9456290,GF226,2017-03-12 02:51:00,BFB2760
9456290,GF224,2017-03-12 03:02:00,BFB2759
10001290,JF150,2017-03-12 07:10:00,BFB2754
9325290,MF072,2017-03-12 02:56:00,BFB2750
11755220,YE088,2017-03-12 07:49:00,BFB2709
11401230,LH056,2017-03-12 07:31:00,BFB2701
7230210,EE112,2017-03-12 06:37:00,BFB2595
11696510,TE155,2017-03-12 00:12:00,BFB1973
11696510,NH169,2017-03-12 00:09:00,BFB1971
8668510,ED114,2017-04-21 02:19:00,BFB1928
11994510,FF174,2017-03-12 00:18:00,BFB1765
8870210,EF189,2017-03-12 07:05:00,BFB1112
9969210,FM184,2017-03-12 02:50:00,BFB1089
7236210,FG098,2017-03-12 07:14:00,BFB0985
10347210,EA207,2017-03-12 06:52:00,BFB0946
12194210,LJ107,2017-03-12 07:28:00,BFB0261
11859210,MH075,2017-03-12 06:50:00,BFB0221
9904210,EJ201,2017-03-11 22:58:00,CFBB199
12192200,HF160,2017-03-11 23:32:00,CFBB162
12257200,UF103,2017-03-11 22:38:00,CFBB130
5208220,DO196,2017-03-11 22:02:00,CFBB051
10028290,TJ076,2017-03-11 22:19:00,CFBA936
10846220,KH092,2017-03-11 23:11:00,CFBA601
11640590,VJ081,2017-03-11 22:16:00,CFBA554
10133230,WE169,2017-03-11 22:22:00,CFBA523
11363230,FA175,2017-03-11 23:03:00,CFBA500
10313230,HF155,2017-03-11 22:24:00,CFBA456
12142200,XH097,2017-03-11 23:00:00,CFBA269
9994290,KF148,2017-03-11 23:33:00,CFB9683
12645210,KJ066,2017-04-21 01:56:00,CFB9651
12645210,UJ154,2017-04-21 01:28:00,CFB9629
12645210,NJ099,2017-03-11 21:58:00,CFB9594
9273290,SF071,2017-03-11 23:09:00,CFB8996
9402290,VJ107,2017-09-04 16:22:00,CFB8987
7162210,EG174,2017-03-11 23:40:00,CFB8753
8321470,GB191,2017-03-11 22:20:00,CFB8728
9626470,CN203,2017-03-11 22:23:00,CFB8722
12287470,UH074,2017-03-11 22:25:00,CFB8687
10888200,EJ191,2017-03-11 23:53:00,CFB8632
12227200,JF158,2017-05-02 09:10:00,CFB8615
12814200,HH090,2017-03-11 22:01:00,CFB8015
11007200,EN114,2017-03-11 22:40:00,CFB7966
12805240,MH066,2017-03-11 23:44:00,CFB7350
11931200,CJ132,2017-03-11 22:14:00,CFB7270
6804190,GA166,2017-04-20 19:08:00,CFB7247
11351210,JF143,2017-03-11 23:19:00,CFB6623
10876200,EH135,2017-03-11 22:20:00,CFB6543
10665210,UH134,2017-07-15 03:48:00,CFB5781
11092200,FD132,2017-03-11 23:05:00,CFB5738
7279360,DK148,2017-03-11 23:05:00,CFB4715
12548200,TF053,2017-03-11 23:46:00,CFB4291
12548200,TF116,2017-04-21 01:10:00,CFB4267
5982230,FE168,2017-03-11 22:26:00,CFB4152
12701200,XF170,2017-03-11 23:30:00,CFB1775
12814200,HH098,2017-03-11 22:47:00,CFB1767
12762200,XE124,2017-03-11 23:14:00,CFB1725
11676200,XH110,2017-03-11 23:51:00,CFB1671
9423290,SH104,2017-03-11 22:15:00,CFB0430
12921240,XF159,2017-03-11 22:49:00,CFB0290
12548200,MF061,2017-03-11 23:22:00,CFAB713
12694200,WE061,2017-03-11 23:09:00,CFAB712
12589200,CK175,2017-03-11 23:54:00,CFAB194
11742200,TJ156,2017-03-12 00:00:00,CFAB140
12580200,UF091,2017-03-11 23:49:00,CFAA040
12615200,WJ173,2017-03-11 23:25:00,CFAA014
12700200,WF181,2017-03-11 23:27:00,CFA6102
12586200,SJ129,2017-03-11 23:57:00,CFA5963
11878590,VE057,2017-06-20 01:49:00,CEJH626
8909210,EE197,2017-03-11 23:15:00,BFC0211
12912220,LF115,2017-03-11 21:59:00,BFB4789
8562210,EP200,2017-03-11 21:58:00,BFB4728
12475330,XJ152,2017-04-20 23:00:00,BFB4693
12464330,HH109,2017-03-11 23:58:00,BFB4678
12464330,XF060,2017-03-11 23:49:00,BFB4669
12871220,WF128,2017-04-20 22:36:00,BFB3737
8893220,EJ202,2017-03-11 23:23:00,BFB3675
7231210,EA088,2017-03-11 23:42:00,BFB3665
8884210,EP084,2017-03-11 21:54:00,BFB3653
8353530,CN135,2017-03-11 23:07:00,BFB3639
9298530,WF118,2017-03-11 22:45:00,BFB3608
9298530,HH096,2017-03-11 23:29:00,BFB3606
9298530,JH116,2017-03-11 22:50:00,BFB3602
9298530,JH114,2017-03-11 23:21:00,BFB3601
9298530,JH112,2017-03-11 22:53:00,BFB3595
11806530,UH063,2017-03-11 22:48:00,BFB3589
9298540,JH079,2017-03-11 23:51:00,BFB3578
12091510,MF069,2017-03-11 22:53:00,BFB3559
12091510,VF082,2017-03-11 22:34:00,BFB3553
12091510,VF094,2017-04-20 22:48:00,BFB3542
12091510,NF072,2017-03-11 22:32:00,BFB3541
12091510,VF105,2017-03-11 23:48:00,BFB3539
12091510,JH056,2017-03-11 23:38:00,BFB3537
11250510,EH199,2017-03-11 23:02:00,BFB3505
12051510,WH054,2017-03-11 22:39:00,BFB3497
12051510,LJ061,2017-03-11 22:49:00,BFB3484
12051510,NH057,2017-03-11 22:37:00,BFB3483
12051510,HK078,2017-03-11 22:50:00,BFB3478
12051510,NH058,2017-03-11 22:46:00,BFB3477
12051510,NJ079,2017-03-11 22:44:00,BFB3476
8085300,CO149,2017-03-11 22:10:00,BFB2769
9325290,NF075,2017-03-11 22:36:00,BFB2751
11902220,UF083,2017-03-11 23:31:00,BFB2669
12406210,VF082,2017-03-11 22:31:00,BFB2619
12862210,VF121,2017-07-24 11:28:00,BFB2604
10396210,FA166,2017-03-11 22:13:00,BFB2505
12196510,NH051,2017-03-11 22:42:00,BFB1906
11696510,MH164,2017-03-11 22:39:00,BFB1905
11694510,MH081,2017-03-11 23:12:00,BFB1864
7236210,CP146,2017-03-11 23:39:00,BFB0995
11479210,EM088,2017-03-11 21:56:00,BFB0975
10347210,EA212,2017-03-11 22:59:00,BFB0945
12862240,XJ080,2017-03-11 22:04:00,BFB0460
12995240,FF099,2017-03-11 23:17:00,BFB0386
10343210,DE181,2017-03-11 22:29:00,BFB0361
11530210,WF137,2017-03-11 23:14:00,BFB0323
12194210,TJ096,2017-03-11 22:11:00,BFB0225
12008210,SH140,2017-03-11 22:09:00,BFB0196
10846220,YH090,2017-03-11 17:16:00,CFBA603
11400220,NF152,2017-03-11 00:30:00,CFBA578
11640590,VJ133,2017-03-11 21:43:00,CFBA552
11640590,NJ142,2017-03-11 21:40:00,CFBA548
10313230,JF168,2017-03-11 17:06:00,CFBA461
12589200,WE077,2017-03-11 16:38:00,CFBA421
11216200,DI199,2017-03-11 16:47:00,CFB9556
7230210,EE096,2017-03-11 18:33:00,CFB8761
12227200,JF146,2017-03-11 21:34:00,CFB8622
12227200,JF153,2017-03-11 16:00:00,CFB8613
12871220,NH131,2017-03-11 21:28:00,CFB8038
10864200,EF126,2017-03-11 18:20:00,CFB7961
12805240,MH095,2017-03-11 16:43:00,CFB7319
12469200,NJ072,2017-03-11 00:28:00,CFB5677
12621200,LH187,2017-07-09 06:12:00,CFB4991
5982230,DJ156,2017-03-11 16:59:00,CFB4151
11011210,EK120,2017-03-11 16:54:00,CFB3443
7085190,EL190,2017-03-11 16:18:00,CFB2648
7085190,FL177,2017-03-11 18:51:00,CFB2640
12074510,LH164,2017-04-20 21:59:00,CFB2491
12863220,XF090,2017-03-11 21:35:00,CFB1934
12701200,XF101,2017-03-11 17:22:00,CFB1773
12637200,YH055,2017-03-11 15:20:00,CFB1722
11750200,HJ055,2017-03-11 18:04:00,CFAB718
12579200,LF075,2017-03-11 18:23:00,CFAB172
12762200,UH065,2017-03-11 18:47:00,CFAB102
12649200,FJ059,2017-03-11 18:56:00,CFAA085
12649200,EJ076,2017-03-11 15:22:00,CFAA078
12649200,XH069,2017-03-11 15:12:00,CFAA069
12580200,JF104,2017-03-11 17:25:00,CFAA036
12637200,FF087,2017-03-11 18:59:00,CFA6108
12586200,VH105,2017-03-11 15:18:00,CFA5985
12586200,VH087,2017-03-11 15:15:00,CFA5968
12586200,TJ125,2017-03-11 15:24:00,CFA5962
12762200,KF136,2017-03-11 17:31:00,CFA1116
6978220,DA222,2017-03-11 21:16:00,BFC0313
5208220,ED194,2017-03-11 16:50:00,BFC0306
12912220,FF099,2017-03-11 21:37:00,BFB4792
12912220,FF110,2017-03-11 21:47:00,BFB4787
10694220,TJ110,2017-08-09 22:46:00,BFB4775
12178210,JK097,2017-03-11 15:51:00,BFB4756
11401220,TH054,2017-03-11 21:43:00,BFB4740
7238210,EG118,2017-03-11 21:22:00,BFB4735
7238210,ED123,2017-03-11 21:48:00,BFB4734
12719280,UF104,2017-03-11 19:02:00,BFB4699
12475330,XJ181,2017-03-11 16:47:00,BFB4690
10493210,EK149,2017-03-11 21:19:00,BFB3719
9181210,CL124,2017-03-11 21:51:00,BFB3680
9181210,CM144,2017-03-11 21:18:00,BFB3679
11548210,FG145,2017-03-11 21:46:00,BFB3670
12542530,CH052,2017-03-11 21:35:00,BFB3638
11815530,XE099,2017-03-11 21:45:00,BFB3629
11815530,WE088,2017-03-11 17:11:00,BFB3628
11817530,CF086,2017-08-03 02:02:00,BFB3627
9296530,XF103,2017-03-11 21:30:00,BFB3625
9298530,VF098,2017-03-11 21:33:00,BFB3613
9298530,HH080,2017-03-11 21:43:00,BFB3596
9298530,JH098,2017-03-11 21:22:00,BFB3592
9298540,HH087,2017-03-11 21:51:00,BFB3579
12083510,VF147,2017-04-20 21:36:00,BFB3523
11809500,JJ164,2017-03-11 16:45:00,BFB3522
12103510,UF151,2017-08-09 06:18:00,BFB3514
12073510,XF155,2017-03-11 21:51:00,BFB3512
12073510,KH170,2017-03-11 21:31:00,BFB3509
11250510,EH218,2017-04-20 22:08:00,BFB3507
11250510,EH211,2017-03-11 01:14:00,BFB3506
12051510,YH067,2017-03-11 21:04:00,BFB3488
12051510,LJ060,2017-03-11 21:49:00,BFB3485
8699290,EA217,2017-04-09 16:17:00,BFB2765
11264210,EG133,2017-03-11 01:11:00,BFB2639
7164210,GI135,2017-03-11 18:43:00,BFB2625
11479210,FB095,2017-03-11 00:35:00,BFB2598
7236210,EM144,2017-03-11 16:04:00,BFB2591
9913210,GA140,2017-03-11 17:20:00,BFB2582
7450210,FB208,2017-03-11 15:57:00,BFB2555
11011210,EJ089,2017-03-11 16:55:00,BFB2523
11269210,EA180,2017-03-11 16:52:00,BFB2512
11696510,WF173,2017-03-11 01:18:00,BFB1979
11696510,MH159,2017-03-11 01:00:00,BFB1977
11696510,TE127,2017-03-11 01:06:00,BFB1970
11819510,WE083,2017-03-11 00:46:00,BFB1909
11695510,UJ108,2017-03-11 01:02:00,BFB1904
11695510,UJ111,2017-03-11 21:09:00,BFB1903
11696510,SJ083,2017-03-11 00:48:00,BFB1899
11696510,SJ113,2017-03-11 00:52:00,BFB1898
11696510,WJ146,2017-03-11 00:40:00,BFB1896
11696510,XH090,2017-03-11 00:55:00,BFB1890
11888510,XE070,2017-03-11 00:33:00,BFB1815
12195510,JH047,2017-03-11 00:58:00,BFB1774
8437300,DJ142,2017-03-11 16:40:00,BFB1748
8436300,DK129,2017-03-11 16:35:00,BFB1733
8436300,EP125,2017-03-11 15:48:00,BFB1726
7813220,DE119,2017-03-11 21:24:00,BFB1102
8894220,CM171,2017-03-11 21:19:00,BFB1052
7236210,FE110,2017-03-11 00:37:00,BFB0997
11479210,EM090,2017-03-11 21:53:00,BFB0977
10434210,FD197,2017-03-11 21:40:00,BFB0936
11123260,EA130,2017-03-11 16:12:00,BFB0904
11351210,VF130,2017-03-11 18:40:00,BFB0866
12618210,UE157,2017-03-11 16:43:00,BFB0283
12852240,KH163,2017-03-10 23:02:00,CFBB241
8893220,DP174,2017-08-31 14:09:00,CFBB032
12259220,LH101,2017-03-10 23:24:00,CFBB023
11514220,KJ152,2017-03-10 13:41:00,CFBA592
11514220,FJ135,2017-03-10 21:40:00,CFBA590
11640590,EK122,2017-07-24 10:42:00,CFBA546
9652230,CF104,2017-03-10 22:59:00,CFBA496
8683290,DG103,2017-03-10 14:08:00,CFB9678
12645210,JJ083,2017-03-10 14:03:00,CFB9603
12224200,TH125,2017-03-10 14:46:00,CFB8914
12227200,MF155,2017-03-10 23:47:00,CFB8583
11599590,TF136,2017-03-10 15:39:00,CFB8564
12594210,MK104,2017-03-10 21:36:00,CFB8089
8896220,FD209,2017-03-10 14:48:00,CFB4952
11895200,WJ153,2017-03-11 00:00:00,CFB3289
7085190,EL185,2017-03-10 23:53:00,CFB2647
12636200,CJ131,2017-03-10 13:58:00,CFB1812
12697200,HJ165,2017-03-11 00:13:00,CFB1790
12579200,NF063,2017-03-10 15:03:00,CFA4638
5208220,DM093,2017-10-08 15:09:00,BFC0308
12912220,UE085,2017-03-10 22:08:00,BFB4802
12912220,FF103,2017-03-10 16:04:00,BFB4791
8801220,EC231,2017-03-10 14:56:00,BFB4779
12490220,WE095,2017-03-10 14:16:00,BFB4776
7789210,DO090,2017-03-10 23:15:00,BFB4754
11268210,FK168,2017-03-10 23:09:00,BFB4753
12715280,VF054,2017-03-10 14:06:00,BFB4707
12475330,EK157,2017-03-10 14:37:00,BFB4691
12475330,EK159,2017-03-10 14:24:00,BFB4689
12475330,FK162,2017-03-10 15:20:00,BFB4681
12464330,YE099,2017-07-24 10:27:00,BFB4677
12464330,FH052,2017-03-10 15:13:00,BFB4674
12464330,FH066,2017-03-10 14:35:00,BFB4673
12464330,EF082,2017-03-10 14:11:00,BFB4671
12464330,YE104,2017-03-10 15:11:00,BFB4670
12301330,XE169,2017-04-20 22:21:00,BFB4665
12871220,CJ143,2017-03-10 15:01:00,BFB3721
10399210,CI162,2017-03-10 14:54:00,BFB3706
9181210,CP129,2017-03-10 23:55:00,BFB3684
7231210,EC098,2017-03-11 00:03:00,BFB3661
7231210,ED103,2017-03-10 22:34:00,BFB3657
8884210,EN076,2017-03-10 22:24:00,BFB3650
8545210,DL134,2017-03-10 22:37:00,BFB3646
8545210,DL132,2017-03-10 14:19:00,BFB3644
9298530,HH106,2017-03-10 23:31:00,BFB3617
12091510,VF069,2017-03-10 23:35:00,BFB3535
12051510,YH058,2017-03-10 14:22:00,BFB3501
12051510,XH072,2017-03-11 00:05:00,BFB3460
6245280,DB191,2017-03-10 15:31:00,BFB2736
12379290,TJ110,2017-03-10 16:22:00,BFB2729
8682290,DG226,2017-03-10 16:07:00,BFB2725
12623210,HF083,2017-03-10 13:49:00,BFB2662
10507210,CF227,2017-03-10 13:46:00,BFB2635
7164210,GI141,2017-03-11 00:09:00,BFB2599
11479210,FH098,2017-03-11 00:16:00,BFB2597
7451210,FC176,2017-03-10 22:19:00,BFB2576
8522210,FG185,2017-03-10 23:20:00,BFB2573
11225210,ED144,2017-03-10 23:17:00,BFB2561
7450210,DD165,2017-03-10 22:16:00,BFB2554
7247210,FO157,2017-03-10 22:13:00,BFB2551
7235210,FO122,2017-03-10 14:50:00,BFB2546
7246210,EN188,2017-03-10 14:44:00,BFB2536
9917210,GE116,2017-03-10 23:58:00,BFB2528
11269210,EF182,2017-03-10 23:45:00,BFB2511
10396210,FM177,2017-03-10 13:51:00,BFB2506
10396210,FM174,2017-03-10 13:56:00,BFB2504
11696510,MH158,2017-03-10 15:58:00,BFB1978
11696510,TE143,2017-07-24 10:32:00,BFB1976
11696510,TE149,2017-04-21 02:05:00,BFB1972
11696510,WF168,2017-03-10 16:20:00,BFB1964
11696510,MH166,2017-03-10 16:14:00,BFB1961
9262510,FO170,2017-03-10 16:19:00,BFB1920
11997510,NE183,2017-03-10 15:44:00,BFB1907
11696510,WJ140,2017-03-11 00:25:00,BFB1895
11694510,XJ098,2017-03-10 22:50:00,BFB1861
12091510,LF058,2017-03-11 00:12:00,BFB1849
12091510,JH060,2017-04-21 01:23:00,BFB1848
12051510,NH059,2017-04-21 02:41:00,BFB1841
11045490,XE114,2017-03-10 14:42:00,BFB1787
12195510,JH056,2017-03-11 00:19:00,BFB1780
11994510,UF179,2017-03-10 22:28:00,BFB1760
8438300,EI115,2017-03-10 23:51:00,BFB1703
12259220,LH087,2017-03-10 13:43:00,BFB1126
8915210,ED205,2017-03-10 23:11:00,BFB1118
8880210,EE072,2017-03-10 23:40:00,BFB1108
8704210,DE129,2017-03-11 00:22:00,BFB1070
8894220,EL194,2017-03-10 23:42:00,BFB1054
7245210,EB188,2017-03-10 23:38:00,BFB1023
7236210,FE100,2017-03-10 13:39:00,BFB0989
11401220,MH055,2017-03-10 14:13:00,BFB0970
10445210,DM198,2017-03-10 13:54:00,BFB0931
12130200,UJ151,2017-03-10 15:05:00,BFB0888
12852240,HH169,2017-03-10 23:06:00,BFB0449
12854240,UH161,2017-03-10 22:22:00,BFB0409
5661220,EF198,2017-03-10 14:40:00,BFB0358
11362210,CJ098,2017-03-10 15:36:00,BFB0344
10661210,KF140,2017-03-10 14:58:00,BFB0334
10666210,WE130,2017-03-10 21:31:00,BFB0330
10665210,FH155,2017-08-04 15:16:00,BFB0328
8954200,DI197,2017-03-10 14:00:00,BFB0182
12257200,NH075,2017-03-10 02:29:00,CFBB128
12384200,HH106,2017-03-10 02:26:00,CFBB103
10028290,TJ099,2017-03-10 02:59:00,CFBA937
10037290,NH097,2017-03-10 02:35:00,CFBA903
8928290,EH117,2017-03-10 09:31:00,CFBA867
11363230,FI178,2017-03-10 09:43:00,CFBA497
12590210,FJ083,2017-03-10 03:07:00,CFBA349
12256200,JH116,2017-03-10 09:25:00,CFBA313
12256200,LH106,2017-03-10 09:20:00,CFBA300
12645210,TH059,2017-03-10 02:36:00,CFB9614
12412200,FK125,2017-03-10 10:11:00,CFB9545
12919240,JJ089,2017-03-10 02:50:00,CFB8936
12621200,CH139,2017-03-10 02:31:00,CFB4992
12586200,LF185,2017-03-10 02:23:00,CFB4977
7728220,DH128,2017-03-10 02:49:00,CFB4889
11932200,CJ101,2017-03-10 02:39:00,CFB4302
12345200,LH125,2017-07-15 06:54:00,CFB1701
12580200,UF093,2017-03-10 02:24:00,CFAA038
12024590,CJ139,2017-07-24 10:36:00,CELG931
7248210,DM198,2017-04-21 02:08:00,BFB4763
12475330,XJ156,2017-03-10 12:54:00,BFB4697
12475330,XJ175,2017-03-10 12:57:00,BFB4695
12475330,XJ143,2017-08-08 09:00:00,BFB4682
12464330,CF093,2017-03-10 09:42:00,BFB4667
12871220,MJ136,2017-03-10 12:33:00,BFB3732
12871220,NH171,2017-03-10 11:09:00,BFB3727
10493210,FB157,2017-03-10 13:28:00,BFB3720
11224210,CL148,2017-03-10 09:13:00,BFB3686
7231210,EP147,2017-03-10 12:29:00,BFB3660
7231210,EP096,2017-03-10 09:05:00,BFB3659
8884210,FE077,2017-03-10 11:11:00,BFB3656
8884210,FD090,2017-03-10 12:31:00,BFB3654
8884210,EP093,2017-03-10 11:07:00,BFB3652
8884210,EP101,2017-03-10 08:58:00,BFB3651
8884210,FE087,2017-03-10 09:11:00,BFB3649
8884210,EN093,2017-03-10 11:15:00,BFB3648
8884210,EN077,2017-03-10 12:43:00,BFB3647
8545210,DF132,2017-03-10 09:07:00,BFB3645
11815530,WE085,2017-03-10 12:17:00,BFB3631
9298530,WF106,2017-03-10 11:24:00,BFB3620
9298530,HH094,2017-03-10 11:26:00,BFB3618
9298530,JH089,2017-03-10 10:06:00,BFB3604
9298530,JH075,2017-08-02 15:39:00,BFB3600
9298530,VF097,2017-03-10 10:03:00,BFB3598
11994510,ME163,2017-03-10 12:48:00,BFB3574
12069510,FJ110,2017-03-10 12:46:00,BFB3572
12091510,VF066,2017-03-10 12:52:00,BFB3571
12091510,VF095,2017-04-20 22:33:00,BFB3569
12091510,VF085,2017-04-20 21:40:00,BFB3568
12091510,LF072,2017-03-10 09:55:00,BFB3567
12091510,VF117,2017-04-20 23:14:00,BFB3564
12091510,VF067,2017-03-10 09:56:00,BFB3556
12091510,VF084,2017-03-10 09:48:00,BFB3552
12091510,NF076,2017-03-10 02:33:00,BFB3530
12091510,JH057,2017-03-10 02:18:00,BFB3529
12073510,EH167,2017-03-10 10:00:00,BFB3511
12073510,YH126,2017-03-10 09:58:00,BFB3510
12051510,NH073,2017-03-10 12:59:00,BFB3499
12449290,CJ075,2017-03-10 10:14:00,BFB2721
8373300,EP168,2017-03-10 09:03:00,BFB2716
8373300,EP187,2017-03-10 10:57:00,BFB2710
10296210,WH160,2017-04-20 19:01:00,BFB2691
8549210,FF106,2017-03-10 12:27:00,BFB2658
7164210,EA161,2017-03-10 12:24:00,BFB2629
12751210,TF061,2017-03-10 02:47:00,BFB2617
12862210,VE167,2017-08-09 10:51:00,BFB2607
7451210,FA168,2017-03-10 12:21:00,BFB2581
7449210,EN178,2017-03-10 10:13:00,BFB2580
7712210,DC153,2017-03-10 10:09:00,BFB2544
11696510,SJ104,2017-03-10 11:01:00,BFB1891
11995510,EF183,2017-03-10 02:54:00,BFB1823
12196510,LJ046,2017-03-10 10:59:00,BFB1769
11994510,ME174,2017-03-10 10:55:00,BFB1755
11994510,SF182,2017-03-10 03:01:00,BFB1752
8438300,EG103,2017-03-10 02:20:00,BFB1707
11266210,FN165,2017-03-10 02:44:00,BFB1095
9033210,EK235,2017-03-10 13:30:00,BFB1094
8704210,DF094,2017-03-10 11:03:00,BFB1068
9374210,DG197,2017-03-10 03:05:00,BFB1060
8894220,CM198,2017-03-10 02:41:00,BFB1056
8894220,CM186,2017-03-10 02:58:00,BFB1055
9168210,CO174,2017-03-10 11:13:00,BFB1050
7712210,DC145,2017-03-10 13:35:00,BFB1045
11227210,FC201,2017-03-10 13:32:00,BFB1033
11227210,EO178,2017-03-10 09:35:00,BFB1029
7245210,CP175,2017-03-10 09:16:00,BFB1027
7236210,EM112,2017-03-10 10:20:00,BFB0996
7236210,FE134,2017-03-10 13:37:00,BFB0993
10438210,EH198,2017-03-10 03:03:00,BFB0942
10445210,EP204,2017-03-10 02:45:00,BFB0932
11351210,SF147,2017-03-10 03:08:00,BFB0872
9995290,XE138,2017-03-10 12:25:00,BFB0830
12854240,EH165,2017-03-10 09:30:00,BFB0418
9181210,CL140,2017-03-10 12:41:00,BFB0355
9181210,CL142,2017-03-10 12:38:00,BFB0354
10666210,NF170,2017-03-10 11:22:00,BFB0329
10664210,EJ165,2017-03-10 12:19:00,BFB0327
12194210,MH076,2017-03-10 09:28:00,BFB0254
12194210,LJ098,2017-03-10 02:15:00,BFB0239
12368200,CF139,2017-03-10 10:08:00,BFB0156
12192200,LH126,2017-03-09 23:53:00,CFBB174
12234200,EH062,2017-03-09 23:56:00,CFBB153
6255280,DO205,2017-03-10 00:49:00,CFBA862
7790220,DK072,2017-03-10 01:26:00,CFBA583
11640590,EK114,2017-07-09 05:41:00,CFBA566
11363230,FK165,2017-03-09 23:17:00,CFBA504
11738210,HF151,2017-03-10 02:08:00,CFBA437
12705210,MF187,2017-03-09 22:48:00,CFBA434
12589200,WE075,2017-03-09 23:05:00,CFBA424
12256200,JH103,2017-03-09 23:25:00,CFBA310
12142200,SH098,2017-03-09 23:47:00,CFBA288
12142200,CJ074,2017-03-10 01:04:00,CFBA256
11500290,DO129,2017-03-10 00:53:00,CFB9737
12645210,JJ063,2017-03-09 23:12:00,CFB9637
12645210,NJ095,2017-03-09 23:11:00,CFB9593
12645210,SJ056,2017-03-09 23:19:00,CFB9590
11216200,FG148,2017-03-09 23:01:00,CFB9558
12412200,MJ096,2017-03-10 00:11:00,CFB9530
12412200,KF105,2017-03-10 01:09:00,CFB9525
12412200,KF102,2017-03-10 00:27:00,CFB9521
11902200,FH102,2017-03-09 23:29:00,CFB8902
11902200,MF105,2017-03-09 23:20:00,CFB8896
7231210,EA138,2017-03-09 23:00:00,CFB8764
11092200,FJ113,2017-03-10 01:02:00,CFB8666
10888200,FE189,2017-03-10 00:28:00,CFB8634
10888200,FC190,2017-03-09 23:27:00,CFB8626
11094200,DO113,2017-03-10 00:32:00,CFB7962
12805240,MH059,2017-03-09 22:44:00,CFB7333
11931200,HH127,2017-03-09 23:58:00,CFB7283
11931200,YH124,2017-03-10 01:12:00,CFB7277
12162210,XH136,2017-03-10 02:05:00,CFB6650
12530200,KF144,2017-03-10 00:25:00,CFB5730
11844200,WF098,2017-03-10 00:20:00,CFB5727
12368200,EJ176,2017-03-10 00:30:00,CFB5646
12383200,YF161,2017-07-26 01:37:00,CFB4339
11932200,CH125,2017-03-10 00:15:00,CFB4307
12163200,JJ162,2017-03-10 00:24:00,CFB4257
12114200,LH126,2017-03-10 00:42:00,CFB4253
12454200,HJ093,2017-03-10 00:36:00,CFB3357
12589200,FF101,2017-03-10 00:03:00,CFB3264
12589200,FF102,2017-03-09 23:22:00,CFB3263
12256200,MH068,2017-03-09 23:36:00,CFB2585
12152200,MJ077,2017-03-09 23:55:00,CFB2574
12701200,SJ091,2017-03-09 22:54:00,CFB1766
12655200,NH133,2017-03-10 00:17:00,CFB1752
12697200,YJ138,2017-03-10 00:22:00,CFB1746
12697200,KJ163,2017-03-09 23:51:00,CFB1739
12762200,XJ073,2017-03-09 23:50:00,CFB1727
12345200,MJ125,2017-03-10 00:47:00,CFB1703
12635200,EH092,2017-03-09 23:31:00,CFAA048
8356530,DP134,2017-03-10 00:58:00,CFA6235
12700200,UF145,2017-03-10 00:01:00,CFA6096
12700200,UF158,2017-03-10 00:06:00,CFA6090
12586200,LF152,2017-03-09 22:55:00,CFA5998
12637200,YH113,2017-03-10 00:13:00,CFA5494
12579200,SE178,2017-03-09 23:24:00,CFA4657
12912220,FF114,2017-03-09 23:03:00,BFB4795
12178210,SJ087,2017-05-21 14:45:00,BFB4757
4721220,FL140,2017-03-10 01:31:00,BFB4748
12614220,YE163,2017-03-10 01:58:00,BFB4717
12616220,VE127,2017-03-10 01:53:00,BFB4716
12091510,VF108,2017-07-22 01:18:00,BFB3531
10296210,MH148,2017-04-21 02:25:00,BFB2690
11450230,TF060,2017-03-10 00:45:00,BFB2679
10115230,YH135,2017-03-10 02:12:00,BFB2675
10115230,VH126,2017-03-10 01:45:00,BFB2674
12299220,VF104,2017-03-10 00:44:00,BFB2665
11479210,FB083,2017-03-10 01:39:00,BFB2596
7236210,CN107,2017-03-10 01:34:00,BFB2590
7236210,EM118,2017-03-10 02:02:00,BFB2586
7449210,EB174,2017-03-10 01:01:00,BFB2578
7452210,DL166,2017-03-10 01:35:00,BFB2577
10347210,EA178,2017-03-10 01:07:00,BFB2571
10343210,DF180,2017-03-10 01:29:00,BFB2563
9957210,DO204,2017-03-10 01:37:00,BFB2562
11224210,CN156,2017-03-10 01:55:00,BFB2557
7450210,FE169,2017-03-10 01:56:00,BFB2553
7235210,FO093,2017-03-10 00:56:00,BFB2547
7245210,DI154,2017-03-10 01:43:00,BFB2533
9169210,FL186,2017-03-10 01:48:00,BFB2527
11377210,EK142,2017-04-20 19:34:00,BFB2522
12151210,YJ101,2017-03-10 01:50:00,BFB2514
11696510,SJ112,2017-03-09 23:14:00,BFB1897
11696510,SJ091,2017-03-09 22:46:00,BFB1893
11840500,FH077,2017-03-09 22:42:00,BFB1835
11840500,FH079,2017-04-20 22:02:00,BFB1832
6490510,DA207,2017-03-10 00:54:00,BFB1811
8894220,CM170,2017-03-10 01:24:00,BFB1051
11401220,JH056,2017-03-09 22:50:00,BFB0966
10347210,DI179,2017-03-10 01:41:00,BFB0949
11145260,EN146,2017-03-10 01:28:00,BFB0896
11351210,VF137,2017-03-09 22:52:00,BFB0865
12854240,UH143,2017-03-10 01:21:00,BFB0407
12924240,XE128,2017-03-10 01:19:00,BFB0401
12793210,YF099,2017-03-09 22:58:00,BFB0341
10666210,CJ147,2017-03-10 00:59:00,BFB0332
12194210,VH089,2017-03-10 02:03:00,BFB0273
12194210,VJ082,2017-03-10 01:16:00,BFB0250
12008210,XJ150,2017-03-10 01:14:00,BFB0197
7669190,FE127,2017-03-10 01:10:00,BFB0158
12497200,WJ105,2017-03-09 13:46:00,CFBB192
12497200,TJ113,2017-03-09 21:15:00,CFBB185
12497200,VJ121,2017-03-09 15:18:00,CFBB183
12497200,SJ110,2017-03-09 13:47:00,CFBB178
12234200,VF090,2017-03-09 16:19:00,CFBB146
12384200,HH088,2017-03-09 13:04:00,CFBB107
5209220,FD086,2017-03-09 21:14:00,CFBB044
10037290,JJ103,2017-03-09 12:56:00,CFBA911
12589200,WE098,2017-03-09 12:31:00,CFBA419
12151200,LJ074,2017-03-09 13:06:00,CFBA338
12151200,TJ073,2017-03-09 14:21:00,CFBA332
12256200,JH097,2017-03-09 15:37:00,CFBA308
12142200,XH102,2017-03-09 13:41:00,CFBA282
7521280,EM181,2017-03-09 22:39:00,CFB9768
12645210,VJ098,2017-03-09 22:35:00,CFB9667
12645210,NJ092,2017-03-09 15:28:00,CFB9610
12645210,KJ077,2017-03-09 12:32:00,CFB9580
12486200,SJ060,2017-03-09 13:31:00,CFB9505
12224200,XF164,2017-03-09 12:41:00,CFB8910
9168210,DI181,2017-03-09 22:37:00,CFB8781
12287470,NF142,2017-03-09 13:02:00,CFB8688
11092200,FH119,2017-03-09 16:16:00,CFB8650
10888200,EJ185,2017-04-20 19:07:00,CFB8633
12594210,FK101,2017-03-09 12:35:00,CFB8124
10343210,DE213,2017-03-09 09:52:00,CFB8035
10892200,EK150,2017-03-09 22:29:00,CFB8001
12702200,HJ112,2017-03-09 13:38:00,CFB5662
12368200,UH137,2017-03-09 15:46:00,CFB5645
12167210,HJ094,2017-03-09 16:34:00,CFB4261
12454200,HJ106,2017-03-09 15:44:00,CFB3355
11895200,SH153,2017-03-09 13:28:00,CFB3293
12589200,FF103,2017-03-09 16:30:00,CFB3265
12182200,JJ114,2017-03-09 16:35:00,CFB2591
12225200,YH109,2017-03-09 16:28:00,CFB2581
12490200,VJ081,2017-03-09 13:27:00,CFB2562
12701200,XF104,2017-03-09 16:08:00,CFB1777
12637200,WH101,2017-03-09 16:26:00,CFB1757
12701200,VF177,2017-03-09 13:25:00,CFB1742
12662200,UF187,2017-03-09 13:00:00,CFB1735
11946350,TH057,2017-03-09 09:30:00,CFAF922
12192200,CJ139,2017-03-09 16:11:00,CFAC879
12586200,SJ156,2017-03-09 15:42:00,CFA5976
12701200,XF108,2017-03-09 16:24:00,CFA5438
12615200,JJ185,2017-03-09 13:08:00,CFA2696
12619200,EF059,2017-03-09 13:10:00,CEL2800
12912220,VE106,2017-03-09 16:43:00,BFB4804
12912220,TE108,2017-03-09 16:45:00,BFB4798
12912220,FF115,2017-03-09 16:42:00,BFB4797
10412210,GF161,2017-03-09 16:39:00,BFB4752
7238210,FC115,2017-07-24 11:44:00,BFB4733
8562210,EP181,2017-03-09 09:44:00,BFB4726
7236210,CP147,2017-03-09 09:40:00,BFB4724
10666210,FF142,2017-07-29 06:41:00,BFB4719
10666210,FF139,2017-08-31 14:31:00,BFB4718
12618220,TE129,2017-03-09 09:36:00,BFB4715
12618220,TE124,2017-03-09 09:54:00,BFB4713
10308210,KJ168,2017-03-09 12:26:00,BFB3696
10410210,GB175,2017-03-09 09:46:00,BFB3688
9325290,KF070,2017-03-09 09:28:00,BFB2748
9325290,JF063,2017-03-09 09:24:00,BFB2744
6252280,EB180,2017-03-09 14:42:00,BFB2740
12449290,HJ078,2017-03-09 09:26:00,BFB2719
8373300,EP182,2017-03-09 09:22:00,BFB2713
11902220,MF085,2017-03-09 15:33:00,BFB2672
8549210,FL130,2017-03-09 15:24:00,BFB2660
11264210,EA131,2017-03-09 12:58:00,BFB2653
8877210,DM070,2017-03-09 16:38:00,BFB2616
7236210,DE094,2017-03-09 15:39:00,BFB2589
7236210,GC120,2017-03-09 09:17:00,BFB2588
7236210,EM120,2017-03-09 15:22:00,BFB2587
8704210,EB114,2017-03-09 15:26:00,BFB2584
11218210,FF207,2017-03-09 13:34:00,BFB2572
10347210,CP181,2017-03-09 16:20:00,BFB2567
7452210,FL183,2017-03-09 14:49:00,BFB2541
7451210,FC175,2017-03-09 09:48:00,BFB2537
11011210,EL083,2017-03-09 16:22:00,BFB2524
11377210,FL147,2017-03-09 09:34:00,BFB2521
12195510,KH062,2017-07-24 10:30:00,BFB1773
8437300,FL117,2017-03-09 09:20:00,BFB1746
8437300,EM107,2017-03-09 14:32:00,BFB1744
8436300,EP112,2017-03-09 14:45:00,BFB1727
8438300,DM135,2017-03-09 21:00:00,BFB1710
8438300,DM109,2017-03-09 14:34:00,BFB1709
7449210,GB155,2017-03-09 21:12:00,BFB1011
10445210,EP205,2017-03-09 13:32:00,BFB0933
12105200,HH086,2017-03-09 21:10:00,BFB0880
12105200,NF111,2017-03-09 22:27:00,BFB0875
11351210,VF144,2017-03-09 15:35:00,BFB0874
12852240,TH128,2017-03-09 21:03:00,BFB0424
12854240,YF170,2017-03-09 16:13:00,BFB0410
12924240,YH168,2017-03-09 21:05:00,BFB0397
12995240,KF077,2017-03-09 21:09:00,BFB0393
12618210,WE146,2017-03-09 12:29:00,BFB0286
12194210,UH080,2017-03-09 09:19:00,BFB0276
12194210,LJ104,2017-03-09 13:37:00,BFB0256
12194210,TJ094,2017-03-09 15:16:00,BFB0226
11859210,KJ087,2017-03-09 22:31:00,BFB0219
11859210,YJ112,2017-03-09 12:39:00,BFB0214
11859210,MH091,2017-03-09 13:35:00,BFB0209
11859210,YH078,2017-04-21 01:46:00,BFB0205
12535200,YF182,2017-03-09 02:30:00,CFBB198
12497200,TJ116,2017-03-09 02:37:00,CFBB190
12497200,YJ112,2017-03-09 02:43:00,CFBB188
12497200,VJ094,2017-03-09 04:08:00,CFBB179
12497200,SJ093,2017-03-09 04:46:00,CFBB177
12192200,WJ153,2017-03-09 03:21:00,CFBB173
12192200,XH142,2017-03-09 01:10:00,CFBB168
12192200,HF138,2017-03-09 04:34:00,CFBB165
12345200,SH154,2017-03-09 03:13:00,CFBB141
12345200,VJ149,2017-03-09 03:59:00,CFBB140
12345200,CK125,2017-03-09 01:58:00,CFBB136
12257200,MF079,2017-03-09 04:06:00,CFBB120
12257200,XF062,2017-03-09 02:14:00,CFBB119
12384200,NF111,2017-03-09 01:40:00,CFBB104
7384220,ED078,2017-03-09 08:57:00,CFBB002
10314230,SF144,2017-03-09 05:18:00,CFBA454
11216210,DI206,2017-03-09 02:57:00,CFBA343
12151200,TJ069,2017-03-09 03:09:00,CFBA335
12256200,VF116,2017-03-09 04:38:00,CFBA331
12256200,JH086,2017-03-09 04:04:00,CFBA317
12256200,JH113,2017-03-09 00:26:00,CFBA312
12142200,CJ104,2017-03-09 04:03:00,CFBA290
12142200,SH080,2017-03-09 00:00:00,CFBA277
12142200,CJ062,2017-03-09 04:40:00,CFBA263
12142200,UH111,2017-03-09 01:26:00,CFBA255
11691290,CF095,2017-03-09 08:56:00,CFB9728
12412200,MJ111,2017-03-09 02:54:00,CFB9541
12412200,NJ101,2017-03-09 01:34:00,CFB9522
12412200,KF098,2017-03-09 04:42:00,CFB9518
12412200,FF089,2017-03-09 03:34:00,CFB9515
12490200,VJ076,2017-03-09 03:47:00,CFB9512
12486200,KJ110,2017-03-09 01:17:00,CFB9508
12110200,CH110,2017-03-09 04:49:00,CFB9479
12110200,EF115,2017-03-09 00:49:00,CFB9477
12110200,LF108,2017-03-09 00:30:00,CFB9475
12724280,FF063,2017-03-09 09:03:00,CFB8992
11902200,CH099,2017-03-09 03:16:00,CFB8904
11902200,SF104,2017-03-09 03:40:00,CFB8903
7231210,EC133,2017-03-09 04:11:00,CFB8763
12227200,JF143,2017-03-09 04:36:00,CFB8623
12227200,KJ173,2017-03-09 03:25:00,CFB8584
12502200,JF078,2017-03-09 01:14:00,CFB8574
12380200,TH136,2017-03-09 01:08:00,CFB5682
12383200,YF168,2017-03-09 02:33:00,CFB4336
12697200,KJ151,2017-03-09 01:24:00,CFB1765
12662200,HH185,2017-03-09 01:05:00,CFB1733
12345200,YH134,2017-03-09 04:01:00,CFB1704
12624200,VF177,2017-03-09 03:43:00,CFAB783
12589200,VJ171,2017-03-09 01:21:00,CFAB183
12579200,LF077,2017-03-09 02:25:00,CFAB173
12128200,NH185,2017-03-09 02:17:00,CFAB125
12762200,XE126,2017-03-09 02:11:00,CFAB104
12615200,WJ172,2017-03-09 03:31:00,CFAA016
12636200,LH136,2017-03-09 01:02:00,CFA9412
12702200,EF126,2017-03-09 00:56:00,CFA6149
12645200,JJ062,2017-03-09 01:31:00,CFA6117
12701200,VF170,2017-03-09 01:37:00,CFA5434
12579200,VF084,2017-03-09 00:59:00,CFA4671
12635200,YF110,2017-03-09 03:28:00,CFA1753
12715280,NF156,2017-03-09 04:18:00,BFB4709
11809500,WF178,2017-03-09 04:26:00,BFB3518
12051510,YH059,2017-03-09 04:30:00,BFB3469
12051510,YH069,2017-03-09 04:28:00,BFB3465
9325290,LF073,2017-08-01 11:16:00,BFB2746
12257220,KF056,2017-05-15 10:34:00,BFB2666
6953210,FJ135,2017-03-09 09:14:00,BFB2630
8521210,CN191,2017-03-09 09:09:00,BFB2574
10347210,DJ222,2017-03-09 09:16:00,BFB2568
7235210,FH125,2017-03-09 08:59:00,BFB2548
11016210,FK098,2017-03-09 04:58:00,BFB2517
5640510,DD117,2017-03-09 02:08:00,BFB1952
12196510,HH057,2017-03-09 01:46:00,BFB1767
11994510,UF183,2017-03-09 01:43:00,BFB1764
8437300,DJ135,2017-03-08 23:57:00,BFB1749
12259220,LH113,2017-03-09 02:41:00,BFB1124
8915210,DJ207,2017-03-09 03:06:00,BFB1120
9969210,FI192,2017-03-09 03:00:00,BFB1084
9175210,FJ188,2017-03-09 02:21:00,BFB1059
7451210,FA209,2017-03-09 03:19:00,BFB1018
7449210,GB154,2017-03-09 00:53:00,BFB1010
7449210,EM181,2017-03-09 04:55:00,BFB1005
7236210,FE119,2017-03-09 09:05:00,BFB0998
11401220,VF138,2017-03-09 02:50:00,BFB0960
10347210,DL186,2017-03-09 02:28:00,BFB0944
12767270,SH162,2017-03-09 00:15:00,BFB0909
12130200,UJ150,2017-03-09 03:50:00,BFB0889
8931290,DA159,2017-03-09 00:12:00,BFB0849
8572290,FO122,2017-03-09 04:23:00,BFB0837
9995290,LF154,2017-03-09 00:03:00,BFB0824
9404290,TJ094,2017-03-09 08:52:00,BFB0788
12862240,XJ152,2017-03-09 00:08:00,BFB0458
12852240,HH138,2017-03-09 00:18:00,BFB0445
12995240,NE113,2017-03-09 00:05:00,BFB0381
12995240,YF059,2017-03-09 05:10:00,BFB0371
11940210,FF114,2017-03-09 04:53:00,BFB0279
12194210,TJ112,2017-03-09 02:46:00,BFB0232
12194210,TJ079,2017-03-09 05:06:00,BFB0230
11859210,MH084,2017-03-09 04:13:00,BFB0207
7103190,CK171,2017-03-09 03:03:00,BFB0169
7103190,DG185,2017-03-09 01:51:00,BFB0163
12852240,LH181,2017-03-06 23:31:00,CFBB243
12497200,WJ101,2017-03-07 00:29:00,CFBB194
12497200,YJ124,2017-03-06 23:51:00,CFBB189
12497200,VJ115,2017-03-08 16:48:00,CFBB184
12234200,JH061,2017-07-26 01:33:00,CFBB155
12257200,TF088,2017-03-08 16:40:00,CFBB129
8890220,DC193,2017-03-08 21:11:00,CFBB088
12193510,NH131,2017-07-24 10:29:00,CFBA956
10026290,KH090,2017-03-08 23:46:00,CFBA930
8928290,EH137,2017-03-06 23:45:00,CFBA881
8928290,EH120,2017-03-08 22:16:00,CFBA869
6255280,DO200,2017-03-08 23:10:00,CFBA861
11290290,DM107,2017-03-08 18:31:00,CFBA850
7790220,DN122,2017-03-06 23:19:00,CFBA585
12589200,VJ177,2017-03-07 01:49:00,CFBA425
12580200,JK135,2017-03-08 16:37:00,CFBA385
10982210,FB169,2017-03-08 23:40:00,CFBA344
12256200,VF102,2017-03-07 01:10:00,CFBA329
12256200,MH107,2017-03-08 23:04:00,CFBA319
12142200,NH106,2017-03-08 18:47:00,CFBA266
12142200,NH080,2017-03-08 16:39:00,CFBA251
12142200,UH103,2017-03-08 16:44:00,CFBA248
12142200,NH103,2017-03-08 16:46:00,CFBA246
7521280,FO165,2017-03-07 00:54:00,CFB9769
9994290,KF169,2017-03-08 17:24:00,CFB9722
9994290,YE149,2017-03-08 23:23:00,CFB9693
12412200,KF109,2017-03-08 16:42:00,CFB9528
12239200,XF066,2017-03-08 17:11:00,CFB9489
12239200,XF074,2017-03-08 23:26:00,CFB9488
9397290,MH105,2017-03-08 23:29:00,CFB9025
9397290,NJ085,2017-03-06 23:17:00,CFB9015
9397290,FJ082,2017-03-08 23:32:00,CFB9010
7230210,EH102,2017-03-07 02:34:00,CFB8759
12227200,JF125,2017-03-08 17:05:00,CFB8607
12227200,VJ141,2017-03-08 17:08:00,CFB8606
12227200,KJ145,2017-03-08 17:25:00,CFB8598
12227200,VJ145,2017-03-08 22:26:00,CFB8580
11257200,FH142,2017-03-07 00:39:00,CFB7314
12128200,VH154,2017-03-08 17:00:00,CFB7304
12120200,VF163,2017-03-08 17:21:00,CFB7291
11931200,MH100,2017-03-07 01:45:00,CFB7273
12645210,WE074,2017-03-07 02:18:00,CFB6706
11811240,WF109,2017-03-07 00:31:00,CFB2717
5582220,GD128,2017-03-08 20:59:00,CFB1881
10892200,EJ125,2017-03-08 21:54:00,CFB1841
9952210,FD121,2017-03-07 00:37:00,CFA9287
10309210,VJ128,2017-03-07 02:05:00,BFB2695
12623210,HF081,2017-03-08 17:12:00,BFB2661
10498210,DF235,2017-07-24 11:26:00,BFB2631
12751210,UF062,2017-07-24 11:29:00,BFB2618
10347210,EA169,2017-03-08 20:49:00,BFB2570
11222210,CF145,2017-03-08 21:09:00,BFB2558
11694510,HJ100,2017-03-08 22:09:00,BFB1869
11694510,EJ099,2017-03-07 02:48:00,BFB1865
11888510,XE069,2017-03-07 00:33:00,BFB1816
6490510,FP188,2017-03-08 22:06:00,BFB1810
11045510,XE058,2017-03-08 23:50:00,BFB1807
12195510,JH053,2017-03-07 02:28:00,BFB1782
8436300,DK134,2017-03-07 01:58:00,BFB1732
8487300,CP099,2017-03-07 01:26:00,BFB1724
8742290,EM108,2017-03-07 01:30:00,BFB1720
8438300,EG106,2017-03-07 01:39:00,BFB1706
8438300,EI098,2017-03-07 01:34:00,BFB1704
8693290,DD221,2017-03-07 02:00:00,BFB1697
8915210,DJ192,2017-03-08 20:54:00,BFB1121
8880210,EF073,2017-03-08 20:53:00,BFB1109
9969210,FH187,2017-03-08 23:43:00,BFB1088
9969210,FF189,2017-03-08 21:56:00,BFB1082
11227210,FC174,2017-03-08 17:27:00,BFB1032
7449210,EB214,2017-03-06 23:39:00,BFB1015
7236210,CP142,2017-03-06 23:22:00,BFB0980
11401220,VF131,2017-03-08 21:01:00,BFB0965
11401220,VF140,2017-03-08 20:56:00,BFB0959
10347210,DB199,2017-03-08 16:59:00,BFB0952
12105200,CH103,2017-03-08 21:13:00,BFB0877
12105200,CH099,2017-03-08 23:00:00,BFB0876
11351210,SF152,2017-03-08 23:17:00,BFB0863
12454200,UH112,2017-03-08 17:22:00,BFB0859
9995290,XE128,2017-03-07 02:46:00,BFB0815
9404290,EK087,2017-03-07 01:15:00,BFB0801
9404290,TJ067,2017-03-07 01:21:00,BFB0800
11501290,DL171,2017-03-08 23:20:00,BFB0784
12852240,JH150,2017-03-06 23:41:00,BFB0448
12995240,MF069,2017-03-06 23:35:00,BFB0390
12995240,MF077,2017-03-06 23:29:00,BFB0389
9181210,CL117,2017-03-08 21:07:00,BFB0351
12194210,SJ089,2017-03-08 22:57:00,BFB0268
12194210,SJ084,2017-03-08 23:07:00,BFB0265
11859210,YJ114,2017-03-06 23:24:00,BFB0215
8954200,DL207,2017-03-07 02:36:00,BFB0188
11214200,FD206,2017-03-08 23:54:00,BFB0180
7103190,DO195,2017-03-08 16:52:00,BFB0173
7103190,DI219,2017-03-06 23:27:00,BFB0167
7103190,DO194,2017-03-07 02:31:00,BFB0166
7103190,DI181,2017-03-08 16:54:00,BFB0164
12225200,EK108,2017-03-08 17:06:00,BFB0148
12694200,FJ161,2017-03-08 22:23:00,BFB0146
12694200,FJ160,2017-07-22 03:04:00,BFB0145
12694200,MJ161,2017-03-08 16:56:00,BFB0143
9877200,DM228,2017-03-08 17:02:00,BFB0142
